,v,a,d
0,-0.033201493,-0.039449546,-0.039138574
1,-0.051017694,0.17035006,0.1654605
2,-0.06498641,-0.14612524,-0.15664135
3,-0.2651545,0.52834344,0.5428301
4,-0.15298013,0.18705694,0.18864805
5,-0.12384871,0.10975532,0.10788475
6,-0.10411269,0.1801989,0.18740071
7,-0.16424696,-0.14099488,-0.15166718
8,-0.1154098,-0.12814598,-0.11554153
9,-0.26479116,-0.094712965,-0.09746304
10,0.03706279,0.0282634,0.02310556
11,0.027785351,0.30154866,0.3028954
12,-0.13691863,-0.040315922,-0.04611006
13,-0.17060363,-0.0840912,-0.092013516
14,-0.09067145,0.16558331,0.16092071
15,-0.015077797,0.18806064,0.1916638
16,-0.16168953,0.5605474,0.5673163
17,-0.15607665,-0.14027168,-0.15005806
18,0.0039575864,0.19444022,0.19121468
19,-0.14097801,0.01612435,0.002859458
20,-0.08305254,0.63837266,0.6559772
21,-0.12157231,0.17932357,0.17415561
22,-0.12671137,0.20784038,0.2082029
23,-0.15979692,-0.052319057,-0.059714615
24,-0.108964354,0.06950523,0.0625926
25,-0.14899647,-0.04261394,-0.046505764
26,-0.07857675,-0.004744999,-0.005535023
27,-0.1369335,-0.11706126,-0.12234834
28,-0.07644553,0.09434894,0.09690376
29,-0.14655407,0.17002979,0.17185429
30,-0.016987337,-0.10164343,-0.11010111
31,-0.032078538,0.2202162,0.22140385
32,-0.13728252,0.20852306,0.20514502
33,-0.3583828,0.56591576,0.5772208
34,-0.08454394,0.12212793,0.11899601
35,-0.16849,-0.17839152,-0.178213
36,-0.07434393,0.1705891,0.16400601
37,-0.111979954,0.45131502,0.46797478
38,0.25622442,0.36198217,0.38207242
39,0.07889398,0.06808682,0.05669743
40,-0.09582003,0.09692023,0.08723674
41,-0.22346586,0.07065735,0.06531786
42,-0.3489317,0.36823004,0.3604153
43,0.08368652,0.30935875,0.30615133
44,0.0041147238,0.169393,0.17392966
45,-0.17888258,0.19873327,0.18694878
46,-0.28990653,0.35104465,0.35563168
47,-0.09114007,0.26007912,0.2709495
48,-0.14710593,0.36734203,0.373105
49,-0.029694758,-0.05851187,-0.050766256
50,-0.22108184,0.40715972,0.40247107
51,-0.03961279,0.1388935,0.13343896
52,0.014324296,0.03460668,0.03028378
53,-0.034650043,-0.0844795,-0.093211114
54,-0.3180111,0.4868829,0.49050766
55,-0.06944297,0.16479117,0.16140585
56,-0.19632305,0.29358432,0.29697257
57,-0.035314087,0.1996757,0.1990116
58,0.083791606,0.34987953,0.3492128
59,-0.020569868,0.38333094,0.3942557
60,0.22193396,0.17562024,0.17448537
61,0.06565031,0.18238856,0.17710164
62,-0.069887295,0.14774561,0.15330347
63,-0.17419955,0.17434353,0.1716872
64,-0.033887956,0.015333613,0.0090757385
65,-0.053183284,0.11119543,0.10393409
66,-0.17346896,0.37615997,0.37059128
67,-0.050706033,0.038682297,0.048510864
68,-0.1777595,0.19451381,0.19156381
69,-0.10137028,-0.15515797,-0.16227515
70,-0.23467162,0.2590864,0.25988546
71,-0.08744547,0.40617108,0.42902824
72,0.051602613,0.043860324,0.049261626
73,-0.26750067,0.5020242,0.5041585
74,0.12517145,0.2590487,0.255273
75,0.040698558,0.2834546,0.2864314
76,0.24065427,0.41662878,0.42417902
77,-0.009382814,0.016849834,0.011682118
78,0.11529615,0.14873983,0.15520942
79,-0.025777796,0.43357673,0.44829813
80,-0.15493779,0.22501633,0.2291972
81,-0.055730756,-0.024698392,-0.02620571
82,-0.5150743,0.44256923,0.43646777
83,-0.50924176,0.4060748,0.39954057
84,0.023424475,0.12162536,0.11200697
85,-0.14468125,-0.023794645,-0.030069442
86,-0.19420542,0.2563182,0.24537659
87,-0.09270168,0.14954612,0.1469825
88,-0.031049356,-0.01656359,-0.023024686
89,-0.17785068,0.14113656,0.13561168
90,-0.09018839,0.12692495,0.1388751
91,-0.03370956,0.10786867,0.10514055
92,-0.25352332,0.5120932,0.51284504
93,-0.5659565,0.57339925,0.57227916
94,-0.18112965,0.2474668,0.24679534
95,-0.19103163,-0.12923506,-0.13846442
96,-0.10788594,0.31325126,0.3255904
97,-0.2801456,0.43583944,0.4446081
98,-0.026669882,0.05059604,0.054993864
99,0.04054621,0.0011854166,0.0011125854
100,-0.14342041,-0.1663443,-0.17686966
101,-0.14934027,0.33242664,0.33010134
102,-0.08985159,0.28293648,0.28427222
103,0.10800258,0.22445735,0.22295947
104,0.09775856,0.22395384,0.21976314
105,-0.10627927,0.2201522,0.23112828
106,-0.14313589,-0.007047687,-0.013741535
107,-0.070510134,-0.032191534,-0.04090612
108,-0.060871836,0.47345006,0.48978245
109,-0.25574806,0.2826986,0.26869923
110,-0.030675782,0.04581985,0.039538216
111,-0.12367866,0.09444586,0.088327855
112,-0.08190405,-0.031948,-0.035735924
113,-0.2557161,-0.20599832,-0.21318212
114,-0.1590679,0.18293189,0.18185139
115,-0.15380101,0.31530777,0.31166428
116,-0.007307459,0.23400082,0.23653112
117,0.17226939,-0.07600603,-0.08133547
118,-0.047992848,0.19388513,0.19160095
119,-0.04111749,0.018576905,0.013543089
120,-0.08041149,-0.018830065,-0.024657657
121,-0.08754431,-0.04733515,-0.05239339
122,-0.09213442,0.43223253,0.42526913
123,-0.16726457,0.22228009,0.21088931
124,-0.12040313,0.46591398,0.4707805
125,-0.036058065,-0.11636087,-0.11445365
126,-0.17935811,0.25887898,0.25145602
127,-0.13463168,0.09019906,0.0827915
128,-0.09138698,-0.012091943,-0.029550726
129,-0.17577878,0.31050903,0.31489906
130,-0.114944525,0.17596471,0.16656496
131,-0.13819757,0.20766681,0.1983566
132,-0.07579311,0.40234601,0.4095227
133,-0.3206128,0.411056,0.4262268
134,0.019244365,-0.037795838,-0.043322645
135,-0.2887656,0.30790275,0.31033364
136,-0.060520973,-0.186629,-0.1876852
137,-0.10252577,-0.056117307,-0.06995811
138,-0.53416413,0.5428943,0.5437807
139,-0.3035764,0.32613716,0.321787
140,-0.1332707,0.058884375,0.0575022
141,0.038011502,0.07422819,0.07236
142,0.112616695,0.36162794,0.35487336
143,-0.16592233,0.20277783,0.20196146
144,-0.1069143,0.06303324,0.058909703
145,-0.32723644,0.39215153,0.39018098
146,-0.10718553,0.1855496,0.19040984
147,-0.09435413,0.1644815,0.16006805
148,-0.24384114,0.35686183,0.35522684
149,-0.20898847,0.24659857,0.24207585
150,-0.06914052,-0.097781405,-0.10393779
151,-0.09850454,0.068081506,0.067073956
152,-0.09965785,-0.13669017,-0.1432402
153,0.031066557,0.0052025556,-0.0027595111
154,0.033872463,0.19240868,0.19788827
155,0.0182173,-0.026563412,-0.0373822
156,0.03203529,0.25715303,0.2615281
157,-0.15528819,0.019454096,0.013489655
158,0.08693685,0.29527348,0.29458123
159,-0.22052343,0.20116045,0.19850075
160,-0.116188265,0.04961376,0.044876516
161,-0.09697058,-0.18706204,-0.19753806
162,-0.17022254,0.26311654,0.2721855
163,-0.042286757,0.012129755,0.00031728484
164,-0.0057730405,0.16125263,0.1613766
165,-0.0914664,0.10171325,0.10050693
166,-0.28815362,0.40415752,0.40746233
167,-0.07233604,0.341221,0.3421755
168,-0.20267086,0.26366982,0.26255548
169,-0.11424055,-0.17251243,-0.18059394
170,-0.038621213,0.14201224,0.14873877
171,-0.33550575,0.36290455,0.3571836
172,-0.42246753,0.5139274,0.5130349
173,0.05449332,0.3128697,0.3180816
174,-0.15255675,0.520799,0.52112424
175,-0.21303469,0.16970539,0.15801908
176,-0.48330742,0.5910345,0.5974969
177,0.009770269,0.13231865,0.13406327
178,0.18243669,0.3138615,0.32215303
179,-0.16904692,0.30444032,0.2944877
180,-0.0076966705,0.1672636,0.18436882
181,0.10054512,0.042484466,0.047420524
182,-0.1918003,-0.20330691,-0.21255593
183,-0.32963032,0.32632232,0.3172089
184,-0.15530549,0.2549045,0.26187816
185,-0.090070315,0.10963322,0.1040142
186,-0.2107884,0.2719213,0.28283828
187,-0.07304842,0.10989746,0.11153253
188,0.124599986,0.02410101,0.014846909
189,-0.38723022,0.4402963,0.44308826
190,-0.10340797,0.420474,0.42085865
191,0.0053194333,0.074531846,0.0820455
192,-0.08577236,0.18477236,0.18689202
193,-0.02844226,0.23386005,0.2308316
194,-0.16826752,0.21388528,0.21233638
195,-0.18956469,-0.1997692,-0.20430546
196,-0.003064444,0.096206576,0.09081358
197,-0.10507894,-0.051335067,-0.03974968
198,-0.10226766,0.18347874,0.18588763
199,-0.42948034,0.37510192,0.37085018
200,0.045008883,0.21385632,0.21947218
201,-0.17432834,0.030641975,0.022810183
202,-0.30008608,0.30106536,0.30000535
203,-0.17798817,0.33648032,0.33521143
204,-0.157265,0.13963495,0.13485837
205,-0.1069903,0.20321654,0.21356976
206,-0.27518958,-0.113046534,-0.1187603
207,-0.23038267,0.47384793,0.49307004
208,0.011550903,0.16533646,0.15755226
209,-0.08347632,0.33566535,0.33328965
210,-0.22830662,0.2730411,0.26056764
211,-0.12582608,0.0040647443,-0.0011857537
212,-0.08516638,0.23639701,0.24541031
213,-0.08638555,0.32121858,0.3177898
214,0.08758211,-0.11978905,-0.11088351
215,-0.10426404,0.27987707,0.27617607
216,-0.19582033,0.06677888,0.058445424
217,-0.10297488,0.07996073,0.069163434
218,-0.24067792,0.3933466,0.40472955
219,-0.032770675,0.10693188,0.10224559
220,-0.014183472,0.32840586,0.32991478
221,0.04033387,0.21622491,0.20150314
222,0.052769393,0.10375208,0.10266752
223,-0.04880076,0.42303982,0.4403991
224,0.14483528,0.40585986,0.41494706
225,-0.10065781,0.4235961,0.4228701
226,-0.07580875,0.22754525,0.21705413
227,-0.0013208158,0.36500606,0.36023536
228,0.002107565,0.096808374,0.10177257
229,0.09934362,0.016160732,0.003992702
230,0.057875756,0.20309171,0.21617144
231,-0.06322709,0.07585631,0.06784829
232,-0.16912262,0.320184,0.31817454
233,0.16573307,0.40983635,0.41785905
234,0.043055534,0.06362312,0.051663574
235,-0.10114116,0.07116943,0.059374895
236,-0.0006037503,0.47741684,0.49372834
237,0.33545807,0.58734035,0.60762095
238,0.02567696,-0.036100466,-0.03701075
239,0.018541379,0.17436023,0.16882935
240,-0.08141489,0.21861425,0.22348866
241,0.04791408,0.056650255,0.06646588
242,-0.13407965,-0.010386032,-0.0088712275
243,-0.023932673,0.22858952,0.22612001
244,-0.09676888,0.27829832,0.26831105
245,-0.06302336,0.27305514,0.28431126
246,-0.15682523,-0.11698534,-0.113587104
247,-0.15341997,0.16153625,0.15959214
248,-0.07742389,0.03787693,0.028443223
249,0.032999933,-0.13451363,-0.14707297
250,-0.11891212,0.37518755,0.3809098
251,-0.08473931,0.21563801,0.2135995
252,-0.16488932,0.1799856,0.17742354
253,-0.109980956,0.019311162,0.02039953
254,-0.00734728,0.18416792,0.18424886
255,0.21134123,0.38834372,0.40759963
256,-0.014722718,0.23843257,0.24180263
257,-0.17747861,0.22602977,0.22531156
258,-0.028511193,0.054976597,0.051620975
259,-0.105673455,0.16214298,0.16495529
260,-0.12734294,0.09908765,0.09357889
261,-0.13313085,-0.030932384,-0.04613877
262,-0.05549512,0.36381218,0.36416978
263,0.09349237,0.21352279,0.20945182
264,-0.09890638,0.28956595,0.2942208
265,-0.07121941,0.19494766,0.1978532
266,0.02371204,-0.081936166,-0.09111591
267,0.046536982,0.030823555,0.030093025
268,-0.11218701,0.24282305,0.23981474
269,0.034410574,0.08315029,0.08783376
270,-0.049223367,0.20215464,0.22291183
271,-0.11219036,0.40088788,0.39734954
272,-0.1229435,0.36149555,0.365509
273,0.17573261,0.31490532,0.32138938
274,0.096916445,0.11805624,0.119154684
275,0.0021411297,0.14204744,0.14605688
276,-0.1788378,-0.11460518,-0.12238013
277,-0.1459224,0.17856573,0.16959107
278,-0.13616605,0.1461829,0.15459591
279,-0.10799131,0.21080893,0.21724492
280,-0.07748179,-0.10644899,-0.10862348
281,-0.054393712,0.10159878,0.1020776
282,-0.08888385,0.18193878,0.17623003
283,0.0899686,0.03038597,0.042979587
284,-0.2067007,0.4875934,0.48732257
285,-0.16004777,0.38138014,0.3798876
286,-0.0660538,0.05898522,0.052070636
287,-0.22499432,0.38803607,0.38750672
288,0.20961474,0.19199641,0.18619314
289,0.09982681,0.0708227,0.06902424
290,-0.1474672,0.19530237,0.19512099
291,-0.07223659,-0.12840614,-0.127208
292,-0.04499829,0.19767575,0.19739245
293,-0.097838454,-0.117904745,-0.12426158
294,-0.22084707,-0.13738132,-0.14772353
295,-0.010803179,0.25590974,0.26550037
296,-0.01202088,0.13760448,0.13422163
297,-0.11832972,0.05879516,0.05717227
298,-0.072375804,-0.14058359,-0.14972079
299,-0.052717555,0.15157548,0.1471778
300,0.06210232,-0.020751739,-0.025682125
301,0.0069509298,0.22466493,0.22092469
302,-0.16737334,0.26506063,0.25899997
303,0.028590642,0.13427152,0.14046721
304,0.09042839,0.21692735,0.22089654
305,-0.014991546,0.08072396,0.09069393
306,-0.049206305,0.24408856,0.25674912
307,-0.13024127,0.24918036,0.24960448
308,-0.12834807,-0.31383482,-0.3174267
309,0.051746488,0.23294637,0.23651645
310,0.016797386,0.1263509,0.13903354
311,-0.11776537,0.114327356,0.11015553
312,-0.044748407,-0.11214136,-0.12157446
313,0.23341224,0.35952926,0.3622869
314,-0.08108423,0.2492796,0.24310523
315,-0.04056801,0.09816422,0.09364095
316,-0.17449376,0.22629042,0.2232503
317,-0.05238605,-0.058877137,-0.06527632
318,-0.09187991,0.14446938,0.14362006
319,-0.12162997,0.22238262,0.22643733
320,-0.14021674,-0.1237095,-0.12820046
321,-0.028128719,0.2188807,0.21986116
322,0.0411353,0.05600562,0.050481413
323,-0.016015427,0.12920105,0.1291851
324,-0.10188841,0.36131477,0.36291915
325,-0.05024426,0.27972114,0.2945382
326,-0.060620263,0.13326271,0.13028924
327,0.007747264,0.18371749,0.18099599
328,-0.27748656,0.48715043,0.49114463
329,-0.26680934,0.38255376,0.39202443
330,-0.23104379,-0.22991705,-0.23333788
331,0.15942271,0.33630598,0.3563209
332,-0.21512343,0.29513848,0.29823393
333,-0.15639079,-0.06456589,-0.06456134
334,-0.17806304,0.0058774906,-0.008168559
335,0.06834442,0.08621915,0.07877929
336,-0.15167451,0.35944554,0.35275185
337,-0.04176454,-0.04406759,-0.053684413
338,-0.28059652,0.21899648,0.22052693
339,-0.018718608,-0.08886784,-0.094146796
340,-0.01884311,0.22029084,0.2206849
341,0.052639533,0.19938,0.1956453
342,-0.1434426,-0.03061418,-0.028270617
343,-0.021857133,0.075944275,0.07942029
344,-0.0069580893,0.36453784,0.377967
345,0.26034412,0.46352986,0.4676611
346,-0.086011626,0.30111384,0.29948536
347,-0.09103164,0.20363916,0.21941051
348,-0.14884116,0.22985594,0.2388603
349,-0.08218907,0.23529485,0.22585133
350,-0.14356785,0.15241301,0.15003869
351,-0.1810807,-0.06721032,-0.07041777
352,0.12115341,0.34161645,0.34130925
353,-0.23488149,0.4098486,0.41418797
354,-0.23701751,0.34423968,0.34561765
355,0.020937102,0.13332133,0.1365129
356,-0.13703805,0.078590475,0.07029269
357,-0.07784163,-0.08434262,-0.091994084
358,-0.16418153,0.030287432,0.029298712
359,-0.22192323,-0.11971088,-0.12606429
360,-0.10565703,0.20416111,0.19880502
361,-0.09573452,0.12092721,0.11695134
362,0.11904775,0.30865547,0.3153906
363,-0.13758248,0.25048742,0.25248355
364,-0.11139638,0.10577091,0.10520023
365,-0.21955477,0.29289114,0.28956875
366,-0.044173513,-0.00769811,-0.0058160718
367,0.011365736,-0.02365143,-0.021064792
368,0.07602966,0.10810849,0.101366736
369,-0.065736964,-0.20593834,-0.21408454
370,-0.1154795,-0.09370391,-0.0980313
371,-0.0422268,-0.07831218,-0.0876963
372,0.036099654,0.0023787182,-0.0047633867
373,-0.0012928986,0.10644215,0.12422034
374,-0.0017744806,-0.08057307,-0.08308923
375,0.055425745,0.25178522,0.24810149
376,0.07970972,-0.024363969,-0.034762397
377,-0.17941816,0.37602934,0.39212754
378,0.03816966,-0.0022104143,-0.009752577
379,0.038710658,-0.02665379,-0.033873662
380,-0.13664679,0.29473552,0.29395652
381,-0.16060333,0.27023146,0.26767242
382,-0.13518184,-0.067643955,-0.0681879
383,-0.21195185,-0.060036976,-0.07049115
384,0.03506725,0.18697412,0.1952024
385,-0.21434659,-0.06680357,-0.0694821
386,-0.15865971,0.030841423,0.038028236
387,-0.17934313,0.1942171,0.19416322
388,-0.21740991,-0.053809103,-0.05360628
389,-0.14024775,0.28632575,0.27737454
390,-0.3007671,-0.2160926,-0.21725087
391,-0.08302712,0.023647476,0.020486051
392,-0.13201617,0.10965612,0.09600916
393,-0.056144156,0.25074276,0.26557383
394,-0.08839376,0.04585109,0.046211492
395,-0.20356362,0.22699758,0.22847208
396,-0.15935153,-0.10056182,-0.11159155
397,-0.08271962,0.11712767,0.112227425
398,-0.040544037,0.018036002,0.009777
399,-0.017865418,0.0065989243,-5.7555735e-07
400,0.1327438,0.101015285,0.10626211
401,-0.10183025,0.013627166,0.017231302
402,-0.051814046,0.1446083,0.13600658
403,-0.05707958,0.30414703,0.31742752
404,-0.06689699,-0.077852234,-0.08832144
405,-0.04180389,0.049274635,0.048519645
406,-0.03057746,-0.0045998385,0.0011859251
407,0.046707697,0.17060442,0.1661301
408,0.05567137,0.04598706,0.0443622
409,-0.2934572,-0.16416384,-0.15869336
410,-0.020162271,0.20772411,0.219662
411,-0.06916448,0.17278595,0.16673502
412,-0.0028622295,-0.108896986,-0.11367443
413,0.021329796,-0.17565745,-0.17826024
414,-0.10266331,0.21369751,0.2220579
415,-0.15067957,0.036398754,0.03631847
416,0.17640525,0.24033874,0.24337222
417,-0.0016013966,0.26943853,0.28262386
418,-0.107656226,0.026094984,0.026587278
419,-0.07621173,0.1496128,0.15091787
420,0.092009306,0.05883086,0.04998761
421,-0.008153608,0.15186349,0.15552253
422,-0.07693365,0.1869987,0.18612833
423,-0.21122251,0.4240358,0.4270896
424,0.0035853456,-0.04887059,-0.051157724
425,-0.18741353,0.021521445,0.024250267
426,-0.12159282,-0.09209016,-0.09851747
427,-0.00017014891,0.1725176,0.16773476
428,-0.019945502,0.014834577,0.011224367
429,-0.12387278,-0.077549994,-0.07003402
430,-0.11243579,0.14158064,0.14306681
431,-0.24623579,-0.020552909,-0.02604561
432,-0.08973479,0.1632941,0.15380086
433,-0.20209588,0.050550498,0.043374233
434,-0.121940866,-0.16634773,-0.16317123
435,-0.15143658,-0.19113272,-0.19216302
436,-0.08351437,0.14569385,0.14321361
437,-0.22608337,-0.18043335,-0.18775012
438,-0.030945264,-0.08720157,-0.0924419
439,-0.05670185,0.13986078,0.13853021
440,0.026021618,-0.11442511,-0.122920856
441,-0.20250647,-0.2768997,-0.28473875
442,-0.013329431,0.01338598,0.0077041113
443,-0.022721685,-0.081755936,-0.08772702
444,-0.02604633,0.043649398,0.04374291
445,-0.035592727,-0.093437366,-0.10083805
446,-0.16738534,0.123740956,0.12467423
447,-0.09008914,-0.16148423,-0.16604611
448,-0.015069357,0.20656236,0.22597614
449,-0.111017816,-0.22006299,-0.22323586
450,-0.067501396,-0.07501736,-0.077918
451,-0.19481231,0.072805285,0.063528486
452,0.15993786,0.26893774,0.2683658
453,-0.10014989,0.27063757,0.276128
454,-0.10937422,0.27312964,0.28150684
455,-0.06703838,-0.16574079,-0.18108545
456,-0.100587256,0.09099962,0.08460425
457,-0.06580413,-0.11802545,-0.12352802
458,-0.31734312,-0.21725476,-0.21963398
459,-0.15464818,0.058789156,0.050653215
460,-0.09738303,0.010796838,0.0040278886
461,-0.21817195,0.25488982,0.24996021
462,-0.077986896,0.026355127,0.017474435
463,-0.07633449,-0.07565525,-0.0774585
464,0.06617816,0.15334487,0.15340866
465,-0.18233971,0.10752123,0.10170562
466,-0.10860047,0.3115316,0.3258827
467,-0.2666591,0.40668812,0.40592057
468,-0.12662482,-0.015566189,-0.012685764
469,-0.25133967,0.27492464,0.26998934
470,-0.049265075,0.20213759,0.19959855
471,-0.108048454,0.2823456,0.30170667
472,-0.14536984,-0.16028073,-0.1589893
473,0.034713686,0.027085267,0.023606574
474,-0.15170017,0.088181645,0.0865789
475,-0.062743634,0.29434723,0.28931177
476,-0.11190322,-0.119230464,-0.12978242
477,-0.07109777,-0.1273654,-0.12586309
478,0.026933592,-0.08769198,-0.09679291
479,-0.0125816045,-0.06403942,-0.07102105
480,-0.050731625,0.15132006,0.14189824
481,-0.13124533,-0.13928425,-0.14080174
482,-0.20232315,-0.25460973,-0.25743145
483,-0.07346174,-0.067923844,-0.07589409
484,0.050407723,0.24843688,0.24603257
485,-0.1271649,0.14282574,0.13680865
486,-0.055004004,0.09842818,0.09856794
487,-0.079806104,0.06341837,0.06155486
488,-0.114126705,0.3030659,0.30375433
489,-0.11965051,0.27116525,0.2781374
490,-0.05556489,0.17051548,0.18069762
491,-0.0786765,0.37028933,0.37766546
492,-4.5984983e-05,-0.03205684,-0.031823516
493,-0.4108999,0.50682634,0.5042572
494,-0.19673237,0.13828321,0.13426077
495,-0.074678615,0.17404403,0.17587069
496,-0.46569318,0.5016662,0.49654797
497,-0.55471075,0.43633974,0.4270212
498,0.081821345,-0.08099775,-0.08798214
499,-0.04244276,0.017932404,0.015122477
500,-0.19180861,-0.14669552,-0.14078493
501,-0.06503926,0.2299258,0.23197266
502,-0.07641847,0.10832719,0.112322316
503,-0.058820877,0.12872618,0.12458866
504,-0.16340548,-0.18552764,-0.18209967
505,-0.09123783,0.1543264,0.1555336
506,-0.16212572,0.34253475,0.3384985
507,-0.05691684,0.030035054,0.023659876
508,-0.13738076,0.13527314,0.13425864
509,-0.061225798,0.09712802,0.08165591
510,-0.12210796,0.087696806,0.093319915
511,0.039790984,-0.12122387,-0.13313535
512,-0.12291149,0.14298683,0.15595494
513,-0.04138212,-0.024677223,-0.035968866
514,-0.16008851,0.22748937,0.22843623
515,-0.14170006,0.24963164,0.2588983
516,-0.020693675,-0.024938203,-0.02569041
517,-0.030409893,0.26090214,0.25650454
518,-0.10017339,0.08474496,0.08579038
519,-0.17270671,0.11447155,0.11642063
520,-0.12793659,-0.02222242,-0.018302768
521,-0.21203241,-0.0168182,-0.015561358
522,-0.010423641,0.1666917,0.17423047
523,-0.08087532,-0.0678603,-0.074948944
524,-0.101003446,-0.009500301,-0.015247454
525,-0.2356997,-0.031146651,-0.0387265
526,-0.12506664,0.22079891,0.220531
527,-0.056359086,0.29377726,0.28859007
528,-0.21858473,0.0680119,0.06603219
529,-0.044189695,0.08213427,0.08414261
530,-0.079468444,0.18183206,0.18061227
531,-0.2223952,0.2125877,0.21324755
532,-0.09526906,-0.06720898,-0.06840698
533,-0.21435687,0.116833344,0.105895765
534,-0.17471758,0.36985096,0.37065792
535,-0.11352204,-0.09349043,-0.095848404
536,-0.078091964,0.04361408,0.038881723
537,-0.19908018,0.016914029,0.01695117
538,-0.23565544,0.30054915,0.30403823
539,-0.05477611,-0.063823335,-0.059551448
540,-0.099518105,0.18209909,0.18875068
541,-0.1139986,0.03219805,0.027003363
542,-0.019590456,0.20431925,0.20828784
543,0.022409836,0.27053353,0.27326223
544,-0.20568743,0.48321012,0.48397514
545,-0.16471368,-0.04547718,-0.05527502
546,-0.11074755,0.16327885,0.1607584
547,0.031150779,0.08476621,0.09290925
548,-0.092921585,0.13714649,0.1406525
549,-0.117848754,0.02119418,0.017792642
550,-0.16520344,0.21141262,0.21520866
551,-0.23028569,0.34356394,0.33293372
552,0.046965122,0.10750284,0.09875374
553,-0.07762968,-0.05531498,-0.06886166
554,-0.040947855,0.109191425,0.09577209
555,-0.27371353,0.272353,0.274548
556,-0.28579146,0.5073921,0.5007482
557,-0.17962237,-0.17157862,-0.1825688
558,-0.066475086,0.10394724,0.10484801
559,-0.05564284,0.07024492,0.074037224
560,-0.17974132,-0.24844415,-0.25382453
561,-0.19542097,0.0068791746,0.0052988613
562,-0.096549526,0.22631481,0.21757832
563,-0.124429345,-0.016972382,-0.020617343
564,-0.051434647,0.11091742,0.11258171
565,-0.049313486,0.0447495,0.05183485
566,-0.035019923,0.12189837,0.11548908
567,0.14334129,0.052334946,0.048022423
568,-0.013659097,0.28231266,0.28417835
569,-0.04067871,0.27033997,0.27179983
570,-0.026754236,0.2599694,0.26781094
571,-0.064706385,0.03292116,0.03800193
572,-0.16938935,-0.17482246,-0.18750101
573,-0.047843654,-0.13771026,-0.14872439
574,-0.16974165,0.049323037,0.03932736
575,-0.117596686,-0.01921369,-0.029777763
576,-0.06479273,-0.08303802,-0.08558255
577,-0.055815384,-0.07910529,-0.08922033
578,-0.080204986,-0.110130474,-0.1187393
579,-0.04685695,0.24197571,0.24335565
580,-0.19641979,-0.13288413,-0.14237821
581,0.023147166,0.2674042,0.26807484
582,0.0174582,-0.0744912,-0.072538644
583,-0.07351643,0.1945533,0.18999599
584,-0.13711397,0.10810918,0.10113206
585,0.0051150993,-0.052633353,-0.04974307
586,-0.055006787,-0.12136643,-0.12309849
587,-0.06126646,0.02657063,0.020675577
588,-0.14987145,0.27571255,0.28061575
589,-0.08236606,0.18662964,0.1889591
590,-0.18845119,-0.14234918,-0.14928563
591,-0.011806834,-0.1015112,-0.10244234
592,-0.12572539,-0.27990487,-0.27686596
593,0.09738521,0.2581669,0.2577958
594,-0.11746798,-0.13689876,-0.14249477
595,-0.050549593,0.33334595,0.33018768
596,-0.17439543,0.20934528,0.20411731
597,-0.14083578,-0.08013144,-0.08488947
598,-0.12544236,-0.036802225,-0.046035443
599,-0.16092053,-0.19739494,-0.20278946
600,-0.059470378,-0.0055746958,-0.01899736
601,-0.123519085,-0.07692524,-0.08577125
602,-0.028076978,-0.2182153,-0.21438299
603,-0.076865904,-0.00047121008,-0.0038584708
604,-0.015581688,0.199334,0.20268387
605,0.03846875,0.27858976,0.28493166
606,-0.2756774,-0.03967,-0.039826088
607,-0.14840694,-0.15971582,-0.16920847
608,-0.049856823,-0.014441662,-0.016941747
609,-0.13179193,0.13585259,0.13044299
610,-0.21273737,0.08528213,0.0775505
611,-0.20980927,0.015967885,0.012900931
612,-0.091390125,-0.13544324,-0.14024013
613,-0.16222383,-0.045315124,-0.057577092
614,-0.09298611,-0.15946499,-0.15924878
615,-0.10832245,0.23354918,0.22947866
616,0.11644077,0.31173941,0.31046307
617,-0.049390838,-0.13182522,-0.1330365
618,-0.055822194,0.0879105,0.08153947
619,-0.10702466,0.12848522,0.1298306
620,-0.09472217,0.034200042,0.030675976
621,-0.070239425,0.10350965,0.089365356
622,-0.16993132,0.09569297,0.09616362
623,0.0047546937,0.19998956,0.21836977
624,-0.10063717,0.13266143,0.12631997
625,-0.11142854,-0.12478469,-0.13209583
626,-0.10996568,-0.14241634,-0.14962688
627,-0.22468519,-0.13495201,-0.14094684
628,-0.07259509,-0.14954674,-0.15487564
629,-0.085031174,-0.17624222,-0.18677676
630,-0.01833713,-0.14648862,-0.14248908
631,-0.08160999,0.06781287,0.07998753
632,-0.10624771,-0.020056346,-0.021911044
633,-0.028535664,0.20310993,0.21159235
634,-0.15073451,-0.05716692,-0.06658951
635,-0.18474297,0.23759227,0.23211575
636,-0.08363067,0.088879034,0.088806555
637,0.008127347,-0.18437842,-0.18987113
638,-0.040402334,0.32123455,0.33904865
639,-0.06771062,0.28452373,0.29531595
640,-0.071221106,0.35657674,0.36030155
641,-0.18644187,0.03355919,0.026463203
642,0.031466644,-0.029281385,-0.028322423
643,-0.13443662,0.32575533,0.33864388
644,-0.12820189,0.22595021,0.22093017
645,-0.02859296,0.11674252,0.11054575
646,-0.022664286,-0.029247964,-0.035666976
647,-0.057175856,-0.08406626,-0.095249794
648,-0.11187563,-0.1608714,-0.16845146
649,-0.043109335,-0.109602116,-0.11778823
650,-0.19566463,0.3035636,0.3203935
651,-0.05271083,-0.16592711,-0.16232327
652,-0.028844303,0.021625118,0.018092945
653,-0.09466204,0.3191023,0.32272315
654,-0.10226731,0.08902141,0.09425573
655,0.03972417,0.0020493558,0.00011649169
656,0.008045686,0.11903245,0.11361873
657,-0.06421544,0.049402073,0.041532364
658,-0.17174353,-0.13835451,-0.14121602
659,-0.14760625,-0.1348282,-0.13588743
660,-0.2990285,0.29027554,0.2859938
661,-0.15384236,0.21981014,0.2053316
662,-0.045774985,0.078469485,0.07715633
663,-0.102224395,-0.13712369,-0.14738946
664,-0.0867993,-0.06394105,-0.0683466
665,-0.15800744,-0.13143876,-0.13458863
666,-0.15194179,-0.10570499,-0.11783016
667,-0.20204929,-0.23145957,-0.23757587
668,-0.08095325,0.27759376,0.28413823
669,-0.06044368,0.14190145,0.15173014
670,-0.04215957,0.107271194,0.115486234
671,-0.47385028,0.42183247,0.41604885
672,-0.09528588,0.20527476,0.1956565
673,-0.32788053,0.47990394,0.48095822
674,-0.09252441,0.0582097,0.04352526
675,0.08574963,0.44538724,0.45122737
676,-0.025731161,-0.09026795,-0.09493639
677,-0.266197,-0.16122559,-0.16793382
678,-0.21189646,-0.09843709,-0.10049853
679,-0.023735251,0.009661325,0.0043008807
680,-0.09799641,-0.08820464,-0.08779162
681,0.008911463,0.019362679,0.019557985
682,-0.005715211,-0.03303023,-0.034643475
683,-0.1484135,0.19418587,0.20090742
684,-0.16686608,-0.03175342,-0.03604847
685,-0.14103359,0.15959457,0.15277976
686,-0.17987247,0.056741558,0.051733952
687,-0.0784343,-0.040116146,-0.050881114
688,-0.037081297,0.23218817,0.24789274
689,-0.105516054,0.2040484,0.20150153
690,0.051458754,0.040861163,0.045765713
691,-0.005766857,-0.12770513,-0.13664743
692,-0.064819254,0.080627695,0.07924617
693,-0.22031504,0.32025537,0.3250265
694,-0.015975993,0.013138586,0.003543118
695,-0.023430707,-0.01600949,-0.014594802
696,0.08051843,0.024656538,0.024179928
697,0.16882104,0.41915745,0.43061733
698,-0.10940653,-0.15177658,-0.1577488
699,0.17308149,0.55485594,0.5582051
700,-0.15872012,-0.014070955,-0.012409402
701,0.06412974,0.28636023,0.29192373
702,-0.07040329,-0.08467416,-0.09481696
703,0.03248114,0.011030994,0.023941908
704,-0.17352293,0.12103854,0.118550494
705,-0.1700781,0.18747939,0.18123002
706,-0.08821689,-0.022525689,-0.020718256
707,-0.043960854,-0.057263996,-0.06113618
708,-0.026034115,0.054560546,0.051263757
709,-0.17346665,-0.051860515,-0.054066952
710,-0.0944941,0.16953781,0.17908587
711,-0.29013944,-0.2469518,-0.255138
712,0.09048455,0.18288001,0.18851024
713,-0.12715168,0.29143533,0.28770235
714,0.0254486,0.09942289,0.11293978
715,0.10164334,-0.017050412,-0.028115842
716,-0.10349339,-0.104931846,-0.10889347
717,-0.12930411,0.11184297,0.10781507
718,-0.17741047,-0.06969012,-0.080772184
719,-0.19195579,0.29940027,0.30191618
720,-0.3090229,0.2792031,0.27443653
721,-0.21140641,-0.06666898,-0.072641775
722,-0.13414207,-0.19009484,-0.20255631
723,-0.0947006,0.050434668,0.044113263
724,-0.16142268,0.20598428,0.19477399
725,-0.2726088,0.17963663,0.1890376
726,-0.031868674,0.013783635,0.014924027
727,0.03976979,-0.24950185,-0.25130594
728,-0.16296294,0.07359415,0.069525935
729,-0.3440794,0.42423797,0.41197482
730,-0.0691572,0.15846588,0.1653762
731,-0.10940624,0.12219011,0.11516767
732,-0.18754134,0.23675679,0.22746153
733,-0.08713749,0.059802298,0.055290163
734,0.02386076,-0.08253988,-0.092577115
735,-0.09488784,0.21124917,0.205004
736,-0.20474623,0.18516062,0.1728747
737,-0.13474122,0.20977141,0.2138253
738,-0.13171342,0.21964301,0.22636667
739,-0.05229003,0.11884895,0.12489418
740,-0.11330461,0.29048964,0.29022506
741,-0.2878114,-0.151743,-0.14914699
742,-0.11931677,0.020065429,0.012276085
743,-0.07917237,0.034498643,0.028890288
744,0.0007192566,-0.17849395,-0.19041331
745,0.03054005,0.1586991,0.16147545
746,-0.13305308,-0.009317644,-0.010410776
747,-0.054597434,0.29878902,0.30557615
748,-0.08938328,-0.10479373,-0.10899891
749,0.0070698126,0.1220722,0.12647575
750,-0.09553546,0.102474466,0.11171177
751,-0.23082618,0.31165174,0.3160045
752,-0.050267573,-0.14753397,-0.16124481
753,-0.16559915,0.08459378,0.08302718
754,-0.09078617,0.09128007,0.0882529
755,-0.16331707,0.07274502,0.072633274
756,-0.152476,-0.12879312,-0.12992561
757,-0.13412504,-0.11989625,-0.11611366
758,0.0058753635,-0.1586575,-0.15692304
759,-0.0751967,0.11195883,0.11255958
760,-0.121714,-0.05216509,-0.061547328
761,-0.025276603,-0.07061535,-0.06658744
762,-0.15594614,0.3072879,0.323032
763,-0.1517831,0.32379493,0.34109855
764,0.06418808,0.1151286,0.116523854
765,-0.22687043,0.23405944,0.22922774
766,-0.089037135,0.12330331,0.13032271
767,-0.098948926,0.25304458,0.2616991
768,-0.1755528,0.029588157,0.030835956
769,0.021931149,0.06786596,0.062530585
770,-0.22197013,0.07955187,0.073508695
771,-0.24730447,0.33449882,0.33306652
772,-0.14674512,0.12630726,0.12687708
773,-0.026283156,0.105310924,0.114966184
774,-0.25511056,0.12920107,0.11306722
775,-0.11661721,0.13632286,0.13294533
776,-0.16388866,0.16377477,0.1626826
777,-0.15499696,0.2547701,0.25072095
778,-0.24601668,0.2982257,0.29529098
779,-0.27159023,0.17843463,0.1824921
780,-0.0077198106,0.0002452396,-0.006566689
781,-0.47943494,0.6140703,0.6153056
782,-0.046030067,-0.06253792,-0.07372238
783,0.10336417,0.017243605,0.019298611
784,-0.15599416,0.2954399,0.2955612
785,-0.27490872,0.30505317,0.29850706
786,-0.185946,0.15602472,0.15361167
787,-0.06586181,-0.0873805,-0.09140377
788,-0.09451215,0.27376214,0.28259575
789,-0.09048599,0.23091945,0.24301258
790,-0.08629845,0.2066607,0.2067692
791,-0.057098787,0.39828756,0.4059641
792,-0.21917492,-0.14611024,-0.14378418
793,-0.066911794,0.16592953,0.17273368
794,-0.1136416,-0.14247493,-0.1538112
795,-0.11659238,0.12867989,0.12987961
796,-0.050422233,0.10386033,0.10954687
797,-0.117919154,-0.047758985,-0.056688003
798,-0.15019317,0.26579425,0.27358156
799,-0.13322732,0.13459972,0.14224143
800,-0.03957035,0.077963606,0.07968868
801,-0.106335625,-0.11330826,-0.12143731
802,-0.12941244,-0.16113412,-0.16033965
803,-0.10853664,-0.21969344,-0.22576126
804,-0.119290076,-0.08175807,-0.0890933
805,-0.13006143,-0.079175584,-0.08966407
806,0.08299612,0.28957427,0.29357323
807,0.037943028,0.037762206,0.03186311
808,-0.2275899,-0.124269255,-0.12792073
809,-0.14887846,-0.20507573,-0.20753358
810,-0.13831802,0.12174299,0.11309471
811,-0.066622525,0.08431259,0.079006284
812,0.010227763,0.032638576,0.029906288
813,-0.04044272,-0.018112807,-0.018802507
814,-0.06579538,0.23274595,0.2312252
815,-0.20212154,0.38650534,0.3939391
816,-0.019120468,0.10429036,0.10970007
817,-0.1571248,-0.05274254,-0.046958342
818,-0.088847056,-0.15666434,-0.16651334
819,-0.060683496,0.057311166,0.054917056
820,-0.15335143,0.10979116,0.10278641
821,-0.090945,-0.051483348,-0.05097215
822,-0.20025823,0.2233355,0.21207868
823,0.055933367,0.24438396,0.23599939
824,-0.15136306,-0.27447742,-0.27289465
825,-0.1386086,-0.18295145,-0.1890682
826,-0.046530724,0.015828952,0.0073289303
827,0.15608896,-0.07125468,-0.07879551
828,-0.07944984,0.17649221,0.17619929
829,0.01558501,0.38826936,0.3944249
830,0.021034542,-0.17775175,-0.1776333
831,0.004940775,-0.07981727,-0.08063784
832,-0.17817812,-0.22783482,-0.23363206
833,-0.20293936,0.48071748,0.48353752
834,-0.093153566,-0.03932101,-0.03850258
835,-0.016637307,-0.04286699,-0.03476839
836,-0.2275762,-0.22259022,-0.2251246
837,-0.1862761,0.025810527,0.017507121
838,-0.013463369,0.016950311,0.021634292
839,-0.018799318,0.18570893,0.1887028
840,-0.080361195,0.2042414,0.20844771
841,0.05474548,0.35054404,0.34907264
842,-0.08402754,0.099359676,0.110224344
843,-0.14918463,0.10363102,0.103195265
844,0.11137322,0.34218222,0.34614295
845,0.102679856,0.21390751,0.2155208
846,-0.062366877,-0.052282006,-0.053122554
847,-0.19131948,-0.19879411,-0.19929206
848,0.06643176,0.31060758,0.3174798
849,-0.12864903,-0.07500703,-0.07324957
850,-0.04962802,0.20521684,0.20982693
851,-0.0515904,0.12125212,0.1145125
852,-0.12924457,-0.14470595,-0.13879716
853,-0.038696595,0.057277296,0.052060794
854,-0.09311959,0.25806507,0.2535784
855,-0.008938514,-0.08210476,-0.09538334
856,-0.13277788,0.0063833827,0.012483863
857,-0.111336835,-0.1929311,-0.19886096
858,-0.13628778,-0.28862214,-0.295037
859,-0.05877354,-0.104257226,-0.10811465
860,-0.16221675,-0.2656767,-0.27021232
861,-0.13595742,0.09806777,0.08977633
862,-0.1694193,-0.29211736,-0.29281244
863,-0.12533192,-0.19198528,-0.20586748
864,-0.33387867,0.4835148,0.4769986
865,-0.23917162,-0.140215,-0.13415936
866,-0.027111158,-0.1751033,-0.17686825
867,-0.113724306,0.16835831,0.16949242
868,-0.052517187,-0.045680366,-0.049981017
869,-0.11459892,-0.11835004,-0.12337573
870,0.00496183,-0.01804729,-0.02572938
871,-0.08560192,0.0636589,0.058821402
872,-0.017065037,-0.14494781,-0.15294501
873,-0.0035970763,-0.1781687,-0.17470601
874,0.17290626,-0.13243255,-0.12517463
875,0.2851718,0.34001443,0.34109342
876,0.07449378,0.32119384,0.32816264
877,0.025551144,0.1687072,0.16165563
878,-0.08681742,-0.12237791,-0.12800255
879,0.09409934,-0.039820332,-0.030870827
880,-0.044692513,-0.07367639,-0.06854624
881,-0.09107121,-0.19139026,-0.18981299
882,-0.14532359,0.0054599736,3.19276e-05
883,0.009470426,0.038353395,0.03019605
884,-0.13112596,-0.19721033,-0.20363005
885,-0.14016755,0.122443184,0.11653912
886,-0.028507132,-0.018319061,-0.01664
887,0.110739805,0.105305634,0.10054367
888,-0.18537913,0.21443066,0.21065496
889,-0.04671355,0.2410571,0.23984584
890,-0.14837207,-0.15933134,-0.1641859
891,-0.06648924,0.2354882,0.23251007
892,-0.27422026,-0.1778289,-0.18007582
893,-0.076278195,-0.173255,-0.17190373
894,-0.13778621,0.0089505585,0.018461615
895,0.017228277,0.14213927,0.1491949
896,-0.05987665,0.1604894,0.16525014
897,-0.14058739,0.15790194,0.16072987
898,-0.16831559,-0.20571436,-0.21094742
899,-0.16700062,0.27499095,0.27922827
900,0.043912545,0.08749958,0.090943806
901,-0.10923783,0.070855595,0.06616802
902,-0.1440812,0.007992408,0.00597858
903,-0.12613955,0.18470357,0.19814233
904,0.02729171,0.15568839,0.16979434
905,-0.1226125,-0.074202254,-0.0879754
906,-0.0118765645,-0.020544482,-0.032875676
907,-0.12102704,0.19986604,0.20828152
908,-0.19592975,-0.23658124,-0.23823754
909,-0.021189203,-0.1067701,-0.11046085
910,-0.08904955,-0.0730831,-0.06884301
911,-0.12928495,-0.19872548,-0.20154183
912,-0.17290288,0.2013767,0.19669652
913,-0.09149382,0.0019847706,-0.008390038
914,0.24698539,0.082837105,0.0801566
915,-0.041340787,-0.006884371,-0.004239647
916,-0.1161753,-0.09438132,-0.099023804
917,-0.024762709,0.044798642,0.0479533
918,0.040043693,0.15362395,0.1491201
919,-0.015850918,0.30634415,0.3055912
920,-0.016638663,-0.05445919,-0.059447005
921,0.062250283,-0.10713087,-0.10392054
922,0.01290842,-0.027142307,-0.027995713
923,-0.18534668,-0.089296736,-0.09921461
924,-0.011284819,-0.101950586,-0.10775469
925,-0.13861191,-0.15711057,-0.170516
926,-0.10121944,-0.17815477,-0.19247524
927,-0.13075908,0.23796806,0.23684332
928,-0.05666045,-0.14624344,-0.15469831
929,-0.26686907,-0.21493192,-0.21526586
930,-0.06333596,0.060154572,0.06141629
931,-0.0411257,-0.044797644,-0.048975214
932,-0.17818862,-0.13361154,-0.14201747
933,0.123381294,-0.025726693,-0.022177186
934,-0.2057436,-0.24113972,-0.24236768
935,-0.085604824,0.042824674,0.035877746
936,-0.10505994,0.16170217,0.14845431
937,-0.0864574,0.13185048,0.12192837
938,-0.18590985,-0.13253811,-0.12193906
939,-0.09579071,0.0025049208,0.005034216
940,-0.16269277,-0.10428727,-0.11469998
941,-0.051315222,-0.02445108,-0.023368316
942,-0.08514676,-0.14716123,-0.15797615
943,-0.14669585,0.01743745,0.010557705
944,-0.16385311,-0.14841871,-0.15958348
945,-0.13641663,-0.21508472,-0.21910267
946,-0.10831451,-0.1512366,-0.15630114
947,-0.12954988,0.09044615,0.08849676
948,-0.13937676,-0.01707432,-0.023756748
949,-0.08492257,0.06688564,0.06952977
950,-0.2547731,-0.26806325,-0.26568672
951,-0.00785699,0.0072299233,0.00783412
952,0.010340977,0.095348254,0.08445567
953,0.056761395,0.05393905,0.04838853
954,-0.099086404,-0.03296497,-0.033193205
955,0.024414552,-0.053640723,-0.060261928
956,-0.11279136,-0.24741976,-0.25655404
957,-0.12928829,-0.19508897,-0.20839402
958,0.1983306,0.046754126,0.03605172
959,-0.054488096,0.19279306,0.1922469
960,-0.03229417,0.11032293,0.104236044
961,-0.088448904,-0.11855169,-0.123862214
962,-0.21922134,-0.22318877,-0.22859377
963,-0.21287064,-0.24417198,-0.24683763
964,-0.14079642,0.05884649,0.0632867
965,-0.038721293,-0.14511985,-0.15256286
966,-0.16815796,-0.07467083,-0.08123072
967,-0.11558562,-0.13569416,-0.13853686
968,-0.15434736,-0.2552134,-0.2561874
969,-0.1238827,0.08090476,0.06964677
970,-0.0029232865,0.07889568,0.06715852
971,-0.089657985,0.05427424,0.05065889
972,-0.1713438,0.18672425,0.18629384
973,-0.079476655,-0.023818616,-0.02568819
974,-0.052280255,0.024321398,0.022809384
975,0.08170847,-0.05057109,-0.06514242
976,-0.034839656,-0.15195367,-0.15081422
977,0.05673427,-0.01277814,-0.022915104
978,-0.08444712,-0.12117885,-0.12366326
979,0.052596588,-0.07132028,-0.07293643
980,-0.042356547,0.13823365,0.13676047
981,-0.13286278,-0.2146732,-0.21917768
982,-0.037716288,-0.0627096,-0.06968471
983,-0.04738573,0.056426268,0.044737097
984,-0.16739838,-0.034062866,-0.040105715
985,-0.11143423,0.08794592,0.0821598
986,-0.18934529,-0.09991561,-0.10512605
987,-0.2455879,-0.14725618,-0.15841232
988,-0.035198852,-0.052856617,-0.05987218
989,-0.20429412,-0.17678495,-0.18847142
990,-0.11191048,-0.18913868,-0.18726565
991,-0.16271745,-0.18745565,-0.18993247
992,-0.15608145,0.031130487,0.033689477
993,-0.12090282,-0.16093907,-0.16497053
994,-0.12481868,-0.146436,-0.14686476
995,-0.14469236,0.047324542,0.036614243
996,-0.011882673,-0.15379235,-0.15890701
997,-0.010988754,0.3087237,0.3143145
998,-0.096969955,0.09076593,0.08853344
999,-0.1424305,0.14069954,0.13817906
1000,-0.13068783,0.06237429,0.049417943
1001,-0.106108114,-0.14024833,-0.14445604
1002,-0.19057105,0.2579764,0.26205674
1003,-0.0009959858,0.22204636,0.22689506
1004,0.019021608,-0.040016454,-0.038873125
1005,-0.2255804,-0.27833638,-0.2826384
1006,-0.41845298,0.46938,0.46312097
1007,-0.055362083,0.1488444,0.14401732
1008,-0.029714521,0.084399186,0.08184446
1009,-0.13872482,-0.1170109,-0.118709296
1010,-0.14081302,0.10180106,0.10088481
1011,-0.01066839,-0.03810312,-0.045095213
1012,0.11855811,0.15990686,0.1562925
1013,-0.023817068,0.08778659,0.08422992
1014,-0.067377456,0.09550268,0.09735803
1015,-0.11670114,-0.09154889,-0.091078624
1016,-0.14511226,0.041634005,0.04823001
1017,0.0062493016,0.13287991,0.12376593
1018,-0.1284108,-0.0106518725,-0.013232616
1019,-0.4161427,0.43928492,0.42107505
1020,-0.14652298,0.15328746,0.15737684
1021,-0.057637244,-0.17931084,-0.18890955
1022,0.01851391,0.08526516,0.08092774
1023,-0.17060974,0.16349734,0.16077757
1024,-0.004627299,-0.042291798,-0.037932947
1025,-0.19117689,-0.1604464,-0.15448602
1026,-0.077492066,-0.100857705,-0.10730951
1027,-0.09916376,-0.07473646,-0.068623334
1028,-0.18087822,-0.26763362,-0.27457118
1029,-0.19587238,0.05404476,0.048022557
1030,-0.32303634,-0.036438085,-0.03145807
1031,-0.19602954,0.2665605,0.28272343
1032,0.013100105,-0.010904403,-0.010654652
1033,-0.058550425,0.09678584,0.09141847
1034,-0.10885591,-0.009630853,-0.01350112
1035,-0.15050012,-0.10015809,-0.099570476
1036,-0.019259715,0.11412289,0.11244079
1037,-0.026329339,-0.10428379,-0.106244296
1038,-0.044996668,-0.075644016,-0.07471152
1039,-0.058313023,-0.115708165,-0.11819678
1040,-0.0025865787,-0.11582509,-0.11323366
1041,-0.08545022,-0.005195968,-0.009076862
1042,-0.07891381,-0.16191024,-0.17088567
1043,-0.117081456,0.13981931,0.13660415
1044,-0.055351954,0.14846447,0.15488337
1045,-0.109835394,0.005849714,-4.6396628e-05
1046,-0.13120411,0.010309385,0.027094642
1047,-0.120198324,-0.06294561,-0.0604027
1048,-0.16447754,0.151498,0.14975998
1049,-0.20757152,-0.104837045,-0.11726312
1050,-0.1379649,0.009346718,0.0073199696
1051,-0.05403205,0.056856606,0.06496117
1052,-0.08708884,-0.19329987,-0.19835217
1053,-0.22072987,-0.029158209,-0.02393912
1054,0.11681147,0.09949258,0.09862988
1055,-0.3154847,0.43389148,0.4277309
1056,-0.017792635,0.254165,0.2523964
1057,-0.5170394,0.4745898,0.46453968
1058,-0.17840363,-0.12063182,-0.12820315
1059,0.008367961,-0.13245676,-0.14566399
1060,-0.0058807274,-0.11950265,-0.12163083
1061,-0.13572617,-0.01801899,-0.025209775
1062,-0.055133935,0.0045446665,0.0058901226
1063,-0.06739111,0.17155533,0.17028181
1064,-0.17837489,0.030666204,0.030364163
1065,-0.14625883,-0.1661576,-0.16026028
1066,-0.038688775,0.016469568,0.018896818
1067,0.059666317,0.068977274,0.068318374
1068,0.0026031302,-0.037062567,-0.034875274
1069,-0.08809992,-0.12044433,-0.121697985
1070,-0.18089543,-0.18389623,-0.19290593
1071,-0.16751024,-0.028697798,-0.038670715
1072,-0.10035451,0.15393421,0.15797913
1073,0.004136613,0.1665073,0.16664355
1074,-0.20168345,-0.18727234,-0.20049454
1075,-0.07133778,-0.079015665,-0.084702976
1076,-0.11163357,-0.08498257,-0.083875194
1077,0.06259327,0.009036528,0.0077993255
1078,0.016982375,-0.027254894,-0.03216572
1079,-0.12941447,-0.029715886,-0.031661272
1080,-0.035215598,0.05600481,0.053766698
1081,-0.23329625,-0.29974592,-0.30718908
1082,0.12953809,0.037397694,0.035553962
1083,-0.1978026,-0.18730974,-0.19947694
1084,-0.060778018,0.17651103,0.17929915
1085,-0.19162062,-0.20815895,-0.21611284
1086,-0.04077811,-0.03025682,-0.029062334
1087,-0.14214003,-0.029740354,-0.040771216
1088,-0.09691805,-0.17941058,-0.18731499
1089,-0.16122697,-0.15148738,-0.16177805
1090,-0.14868017,-0.08364731,-0.093542896
1091,-0.1469383,-0.0054774573,-0.013785601
1092,0.0018549019,-0.028292548,-0.02620005
1093,-0.039837368,-0.02912966,-0.022752658
1094,-0.07546267,0.03240716,0.025330104
1095,-0.06789044,-0.054135222,-0.050755516
1096,-0.16534656,0.02044158,0.015628027
1097,0.05927326,-0.11752041,-0.12548834
1098,-0.060809027,-0.28994346,-0.2822733
1099,-0.10136644,-0.04323207,-0.050959297
1100,-0.19122556,0.012285635,0.00778596
1101,0.05792725,0.17228222,0.17633022
1102,0.054699596,-0.021950644,-0.031762984
1103,0.01183798,-0.10318606,-0.09881339
1104,-0.11104395,0.009892386,0.01068519
1105,-0.034444883,0.08678445,0.088456616
1106,0.26525834,0.17446023,0.17664795
1107,0.12839812,0.104120314,0.09844362
1108,-0.17617503,0.0069237063,0.0055968696
1109,-0.062487774,0.20981552,0.22303781
1110,-0.18942548,-0.13490397,-0.14187501
1111,-0.17427334,-0.0765941,-0.0812299
1112,-0.16917561,-0.116353914,-0.124700874
1113,-0.08515469,-0.061693635,-0.06895609
1114,-0.21788484,-0.13315669,-0.14372471
1115,-0.15785854,-0.00409696,-0.017631061
1116,-0.13274768,-0.17388837,-0.16947597
1117,-0.03251287,-0.02363857,-0.03180724
1118,-0.11402123,0.12405521,0.1208101
1119,-0.2015736,-0.13933107,-0.13421762
1120,-0.15594378,-0.1276046,-0.13191211
1121,-0.021266334,-0.06884311,-0.06874219
1122,-0.20757885,-0.15982357,-0.17026174
1123,0.028452635,0.028127005,0.013076015
1124,-0.1610644,0.026357323,0.011536917
1125,-0.102566786,-0.20621477,-0.21501228
1126,-0.0460898,0.13086726,0.12783743
1127,-0.22084337,-0.09509302,-0.094864525
1128,-0.08181506,-0.13008909,-0.12029652
1129,-0.112617254,0.07800604,0.06761402
1130,-0.14699681,0.123192124,0.11811029
1131,0.04172639,0.057897132,0.04284357
1132,-0.13218074,-0.03222362,-0.036511797
1133,-0.12002254,0.1325909,0.1205379
1134,-0.096406214,0.0040738545,0.0022285432
1135,-0.18702377,0.26670337,0.27589598
1136,-0.06180921,0.07829493,0.07500366
1137,-0.13759445,-0.08564674,-0.09088221
1138,-0.024817606,0.038333517,0.038895156
1139,-0.10121707,-0.15936434,-0.16554819
1140,0.027968807,0.07683619,0.073706694
1141,-0.046381745,-0.000192279,-0.0018737126
1142,-0.12371511,0.055398718,0.055986255
1143,-0.07150251,-0.08072335,-0.09211384
1144,0.023886196,-0.0570996,-0.04640056
1145,0.0032428314,0.10771479,0.10371032
1146,0.079782836,0.12386735,0.12431947
1147,-0.122036844,0.2601311,0.25707194
1148,-0.1648351,0.079433,0.072203904
1149,0.00886698,0.030970698,0.025958247
1150,-0.19909959,-0.22757624,-0.22894779
1151,-0.0877091,0.015897142,0.01260061
1152,-0.028628683,0.27331123,0.276586
1153,-0.02319574,0.12998196,0.12742063
1154,-0.05467965,-0.109780766,-0.11676338
1155,-0.110347874,0.022018006,0.016018584
1156,-0.11658321,0.14096612,0.14087924
1157,-0.17472391,-0.2185689,-0.22416197
1158,-0.13401927,-0.083845645,-0.084628
1159,-0.043254152,0.15257245,0.15615064
1160,-0.043656603,-0.10371918,-0.11255971
1161,-0.06708681,-0.049983915,-0.05960639
1162,0.008735486,-0.008616124,-0.014088401
1163,-0.13087918,0.19028708,0.18818735
1164,-0.11354607,0.1277468,0.12518752
1165,-0.11541972,0.00060134934,-0.0067672646
1166,-0.009141198,-0.11684752,-0.11960043
1167,-0.16364466,0.31947094,0.33724767
1168,-0.14277904,0.21788177,0.20650105
1169,-0.11082162,0.22641125,0.22109786
1170,-0.06918008,0.13585946,0.13837543
1171,-0.03183808,0.11371002,0.10463376
1172,-0.089755006,0.10186996,0.10151247
1173,-0.10519489,-0.08041162,-0.081980385
1174,-0.13115099,-0.068370864,-0.07530832
1175,-0.14680304,-0.056928787,-0.06369439
1176,-0.1515743,0.087551415,0.091914505
1177,-0.07340448,0.16655402,0.17559984
1178,-0.06370692,0.06992559,0.06427997
1179,-0.12223464,0.18775402,0.1854798
1180,-0.20367296,0.29278445,0.29311222
1181,0.001114897,0.31572303,0.32405603
1182,-0.08341876,-0.0028185975,-0.009534378
1183,-0.054338425,-0.06827036,-0.07369494
1184,-0.08139186,0.22609718,0.22428101
1185,-0.035723273,-0.005124731,-0.0033676776
1186,0.23434763,0.367821,0.36736152
1187,-0.111007035,0.2194239,0.21446559
1188,-0.19537479,-0.041497108,-0.035885572
1189,-0.12573957,0.041302342,0.03708834
1190,-0.07844739,-0.11579347,-0.123062275
1191,0.0122034075,-0.096255265,-0.09863164
1192,0.030677026,0.022987034,0.030072711
1193,-0.15662913,-0.04913526,-0.04847318
1194,-0.08876472,-0.12826093,-0.13750768
1195,0.13623051,0.009770386,0.0057243137
1196,-0.2759555,-0.18897831,-0.19156672
1197,0.061222978,0.042754844,0.04955857
1198,-0.031814076,-0.06311239,-0.059233148
1199,0.10859498,-0.01284067,-0.017857403
1200,-0.108785145,0.075508475,0.07778699
1201,-0.12536867,-0.24288969,-0.2558744
1202,-0.13455772,-0.17849755,-0.18443422
1203,-0.12572487,-0.23348711,-0.2361747
1204,-0.006719425,-0.07582306,-0.06509141
1205,-0.29145977,-0.304622,-0.2963555
1206,-0.12033204,0.0803877,0.08121587
1207,-0.052259516,-0.047192615,-0.0484096
1208,0.06548471,0.03710325,0.029519638
1209,-0.098368764,0.10832394,0.098941684
1210,-0.050405357,0.09501706,0.087572396
1211,-0.15429458,-0.01923246,-0.026035365
1212,-0.18112332,-0.106764816,-0.10568565
1213,-0.17112991,-0.2670685,-0.24837206
1214,0.037053883,0.15766284,0.16114326
1215,-0.041339744,-0.03281213,-0.042165857
1216,-0.20388031,-0.11847883,-0.12449083
1217,-0.13161007,-0.24514288,-0.2538921
1218,-0.21014538,0.27893564,0.27748597
1219,-0.06011671,-0.08067795,-0.08807148
1220,0.085199006,0.15482207,0.15301964
1221,0.05662458,-0.013232225,-0.020804064
1222,0.03998956,0.1669488,0.16345364
1223,0.05045385,0.37655327,0.39332482
1224,-0.025363972,0.02472007,0.023132348
1225,-0.036626965,-0.11715386,-0.12580515
1226,-0.02032851,0.15866187,0.15755968
1227,-0.21094349,0.08014786,0.07497437
1228,0.013511424,-0.106740594,-0.11521153
1229,0.018390564,-0.114481814,-0.12541755
1230,-0.16312775,0.22557312,0.21919371
1231,0.0049515185,0.25111938,0.2550501
1232,-0.06556169,0.077067554,0.07439274
1233,-0.1622094,-0.19548936,-0.2041122
1234,-0.17653395,0.07541768,0.07910568
1235,-0.09580633,0.010257909,0.013873879
1236,-0.1354504,-0.0024158852,-0.004178118
1237,-0.080244265,-0.061244696,-0.061356053
1238,-0.08727627,0.23384517,0.24271488
1239,-0.017160973,0.080313705,0.08617807
1240,-0.118778504,0.05980885,0.055532157
1241,-0.03367528,-0.041460432,-0.04048953
1242,-0.18968177,-0.09233624,-0.09650883
1243,-0.015161473,0.18542324,0.19871755
1244,-0.12277619,-0.14643049,-0.15718812
1245,-0.1130088,-0.14874686,-0.15474112
1246,-0.091177516,-0.16706531,-0.17144951
1247,-0.07081501,0.093885794,0.09051354
1248,0.118041545,0.026108593,0.026462436
1249,0.08100563,-0.0019111051,-0.0077754757
1250,-0.14109087,0.18640602,0.18286562
1251,-0.063681975,-0.042168207,-0.04411591
1252,-0.019809233,0.0058264444,0.0045397882
1253,-0.10918598,-0.00042478365,0.00095424586
1254,-0.21116969,-0.10799678,-0.11338613
1255,-0.11028961,0.03133859,0.024250312
1256,-0.028247725,0.024363585,0.022066042
1257,-0.05273597,-0.17446426,-0.17812784
1258,-0.026600614,-0.16309166,-0.16200066
1259,-0.113031015,-0.10887671,-0.113895655
1260,0.046612233,0.03747456,0.03585163
1261,-0.1786931,-0.108690575,-0.11249486
1262,-0.10146773,-0.031491578,-0.04166643
1263,-0.12193196,0.111622766,0.11070355
1264,-0.13993108,0.085588805,0.0825119
1265,-0.024443662,-0.022498868,-0.021817375
1266,-0.019080373,0.08287009,0.08430598
1267,-0.18067224,-0.19670631,-0.20084564
1268,-0.11851354,-0.010102079,-0.010495324
1269,-0.0015822785,0.0701876,0.0717492
1270,-0.050444227,-0.07232586,-0.07614918
1271,-0.24294062,-0.22428916,-0.23011953
1272,-0.079075806,0.1061738,0.10853566
1273,-0.1433494,-0.047771715,-0.04655461
1274,-0.05686962,-0.011380004,-0.012823961
1275,-0.23211944,-0.13818765,-0.1471649
1276,-0.03788567,-0.06180212,-0.06337295
1277,-0.058821734,-0.14617807,-0.14950082
1278,-0.28834757,-0.18094033,-0.18887344
1279,0.0020976334,-0.02487449,-0.033934567
1280,-0.049236175,-0.17531207,-0.17826165
1281,-0.27836323,-0.21408297,-0.22174744
1282,-0.11862693,-0.15908924,-0.17429069
1283,-0.03041853,-0.027992155,-0.0376903
1284,-0.21070004,-0.19596934,-0.20477396
1285,-0.028439067,-0.059246756,-0.07267303
1286,0.00013510883,-0.16644025,-0.16764458
1287,-0.059778895,-0.020633604,-0.02447872
1288,-0.19166477,-0.19084613,-0.19516478
1289,-0.12554227,0.09871552,0.09841969
1290,-0.2694098,-0.19119701,-0.18254656
1291,-0.105061054,-0.15409072,-0.14988326
1292,-0.177803,0.05489247,0.052659683
1293,-0.10515528,0.009798286,0.0045392555
1294,-0.15309498,-0.23424016,-0.23795217
1295,-0.1928663,-0.06672005,-0.06486306
1296,-0.09245285,-0.1616993,-0.15876052
1297,-0.22399563,0.2812137,0.2746251
1298,-0.09339666,0.037689622,0.041737046
1299,0.004857092,0.1626983,0.1611861
1300,-0.22956407,-0.059550796,-0.065445684
1301,-0.21501514,-0.09110004,-0.08002533
1302,-0.058431275,0.23190077,0.24007793
1303,-0.042715486,0.06379588,0.071303666
1304,-0.16255195,0.06914974,0.06137936
1305,-0.12527725,-0.12865996,-0.13736586
1306,-0.11057422,-0.1729205,-0.17624703
1307,-0.08334766,0.09574252,0.09854828
1308,-0.021195894,-0.034617398,-0.029946879
1309,-0.039226893,-0.076142155,-0.078710906
1310,-0.062248968,0.02010636,0.011550346
1311,0.013276489,0.016604217,0.0076173265
1312,-0.053760257,0.17676549,0.16878816
1313,-0.03812165,0.08052608,0.077543534
1314,-0.12038934,-0.18057843,-0.18455093
1315,-0.006583037,0.24409628,0.25673375
1316,-0.19094974,0.22546777,0.21873505
1317,-0.18518066,-0.087276764,-0.098673016
1318,-0.21175042,0.30838487,0.3026468
1319,-0.18983449,-0.163051,-0.16249454
1320,-0.15858525,-0.0036939122,-0.004502827
1321,-0.13719979,-0.20826636,-0.21230769
1322,-0.11642733,0.15539917,0.15953027
1323,-0.06579066,-0.123646684,-0.13839783
1324,-0.14712161,-0.17898457,-0.1883952
1325,-0.13640022,-0.019249123,-0.029857086
1326,-0.1507887,-0.17560332,-0.1834651
1327,-0.1817388,-0.28518945,-0.29001102
1328,-0.09026736,-0.23075262,-0.23035033
1329,-0.23726287,-0.100049555,-0.104511894
1330,-0.13743822,-0.23462011,-0.24055813
1331,-0.2669716,-0.254538,-0.25837833
1332,-0.059698883,0.044796288,0.04055507
1333,-0.11363608,0.00448467,-0.0037469931
1334,-0.10776137,0.17470491,0.17826992
1335,-0.11525193,-0.0299928,-0.034936212
1336,-0.13389802,0.08901067,0.090563945
1337,-0.1110957,0.004949244,0.008375999
1338,-0.02570993,0.108082406,0.11069501
1339,-0.1946619,-0.07224137,-0.07819087
1340,-0.17454188,0.18797053,0.19629699
1341,-0.2314648,0.19897157,0.19511579
1342,-0.13516676,0.04924066,0.046858985
1343,-0.17521374,-0.13313249,-0.13891874
1344,-0.25221515,-0.10582411,-0.11343138
1345,-0.16626142,-0.21192315,-0.22148792
1346,-0.039648682,-0.13150468,-0.14082985
1347,-0.022263644,-0.1751233,-0.18674374
1348,-0.055521857,-0.103919595,-0.10952051
1349,0.029917043,-0.11100658,-0.10904589
1350,-0.31825057,-0.24954551,-0.23188357
1351,-0.108375184,0.087506026,0.0848035
1352,-0.13314432,-0.045525704,-0.051848464
1353,-0.19354033,-0.08971027,-0.09186932
1354,-0.11917759,-0.03697837,-0.042456668
1355,-0.10495994,0.027837465,0.0181225
1356,-0.18892743,0.09422429,0.085930936
1357,-0.0921269,-0.15097006,-0.15450194
1358,-0.18956046,-0.014114804,-0.01896374
1359,-0.19206041,-0.24189313,-0.25019938
1360,-0.20096652,-0.069675595,-0.07943093
1361,-0.13253897,-0.22331804,-0.21718211
1362,-0.059512645,0.20422183,0.21480136
1363,-0.15014406,-0.05576932,-0.053649906
1364,-0.1428957,-0.10333641,-0.10181413
1365,-0.29254687,-0.29415345,-0.29049012
1366,-0.040197533,0.044637643,0.04189744
1367,-0.22249183,-0.06711854,-0.07220775
1368,0.0020869046,0.10715466,0.10431017
1369,-0.2989029,-0.037099775,-0.031590067
1370,-0.05304461,-0.09538836,-0.106088966
1371,-0.2017028,0.085085616,0.08470803
1372,-0.0026460863,0.03748721,0.035351094
1373,-0.06544751,0.03292071,0.029982092
1374,-0.082080975,0.04999111,0.058276583
1375,-0.08581107,-0.12653536,-0.12540945
1376,-0.0890875,0.124251224,0.116607144
1377,-0.057787582,-0.0036829899,-0.005916003
1378,-0.13523257,-0.11913567,-0.12704878
1379,-0.14433786,-0.07545193,-0.08637143
1380,-0.11986927,0.012700298,0.025819944
1381,-0.1649884,-0.23789003,-0.24103904
1382,-0.1642699,-0.08546662,-0.08837148
1383,-0.124109425,-0.12818134,-0.13122566
1384,-0.28318456,0.07886629,0.07802815
1385,-0.115099594,-0.10127829,-0.10606048
1386,-0.1026731,-0.22695166,-0.22825573
1387,-0.21851254,-0.22941609,-0.233059
1388,-0.19637357,-0.12978731,-0.13669612
1389,0.016156921,-0.13571292,-0.12746763
1390,-0.2236168,-0.21465163,-0.21964234
1391,-0.1268158,-0.1374221,-0.14120041
1392,-0.014120758,-0.14201342,-0.13645484
1393,-0.14486475,-0.02088749,-0.022477642
1394,-0.13445275,-0.032976467,-0.03577455
1395,-0.2147228,-0.20835032,-0.21636541
1396,-0.06299825,0.04640593,0.046876196
1397,-0.12250838,-0.05089025,-0.057964
1398,-0.19601418,0.2593732,0.25359786
1399,-0.22672184,-0.25104436,-0.24837793
1400,-0.070102975,-0.117762595,-0.11728382
1401,-0.16352753,-0.16293152,-0.15605237
1402,-0.24727084,-0.056533143,-0.06386454
1403,-0.17944017,-0.113439776,-0.118857205
1404,-0.111369655,-0.15189622,-0.15370569
1405,-0.15808141,-0.07663539,-0.07984484
1406,-0.04219439,-0.0393457,-0.043401312
1407,-0.18610537,-0.119970165,-0.12336904
1408,-0.25810692,-0.074807204,-0.07830086
1409,-0.2229511,-0.19588597,-0.20156355
1410,-0.15702826,-0.1317544,-0.1404714
1411,-0.1715109,-0.15672326,-0.16784972
1412,-0.094060525,-0.13950148,-0.14235269
1413,-0.117545545,0.10452033,0.103215605
1414,-0.10319371,-0.09020329,-0.08967582
1415,-0.012305946,-0.012402273,-0.027587246
1416,-0.10625844,0.024438072,0.02096391
1417,-0.14910208,0.18359971,0.18766132
1418,-0.24483684,-0.07905785,-0.08953195
1419,-0.22704458,-0.22300816,-0.2236634
1420,-0.17485343,0.012501965,0.008230172
1421,-0.14452904,-0.06901756,-0.077624016
1422,-0.120483264,0.022568142,0.018093903
1423,-0.10366711,-0.005228064,-0.010240683
1424,-0.17041515,0.020812303,0.019393258
1425,-0.07158157,0.11548478,0.117372215
1426,-0.20183711,-0.19739987,-0.19914299
1427,-0.08180039,-0.18451303,-0.19082409
1428,-0.14798139,0.047110513,0.06363755
1429,-0.26625392,-0.17766385,-0.17010102
1430,-0.20495503,-0.27804703,-0.28023037
1431,-0.21148933,-0.08930354,-0.09237993
1432,-0.13627984,-0.29756036,-0.3002249
1433,-0.295134,-0.30903286,-0.30278933
1434,-0.23609594,-0.12907287,-0.12437065
1435,-0.17294298,-0.16548127,-0.16810538
1436,-0.21386044,-0.061636098,-0.06502703
1437,-0.08616099,-0.20580223,-0.20603757
1438,-0.13568656,-0.13570572,-0.13826333
1439,-0.18913503,-0.11814582,-0.11446499
1440,-0.14418435,0.008942425,0.0054505356
1441,-0.1450106,0.036511417,0.03245324
1442,-0.18822634,0.17739582,0.17136034
1443,-0.18197365,-0.040215302,-0.052920416
1444,-0.18948102,-0.058997337,-0.060577612
1445,-0.17316765,-0.01763619,-0.021276692
1446,-0.0172088,0.008732399,0.011055095
1447,0.046777382,0.004332169,0.002659756
1448,-0.23325011,-0.27937192,-0.28408453
1449,-0.19763541,-0.15485746,-0.15668574
1450,-0.16436017,-0.18227173,-0.19626273
1451,-0.30986786,-0.20664841,-0.21565452
1452,-0.13993284,-0.10180507,-0.103602715
1453,-0.0831242,-0.09951381,-0.10503918
1454,-0.19836028,-0.22364211,-0.2264602
1455,-0.08902362,-0.11203369,-0.11413986
1456,-0.006340393,-0.12310062,-0.12416397
1457,0.046087176,-0.09437331,-0.083877005
1458,-0.20694382,-0.33704647,-0.34619895
1459,-0.11102193,0.07798163,0.06665235
1460,-0.084811956,0.22015269,0.22170033
1461,-0.034439594,-0.021937912,-0.034131333
1462,-0.279771,0.54749316,0.5490396
1463,-0.110650346,0.1789889,0.18374869
1464,-0.10256386,0.14769848,0.1470885
1465,-0.053242303,-0.02050154,-0.026822928
1466,-0.1590419,-0.17062962,-0.17745788
1467,-0.09998318,0.019738328,0.019767173
1468,-0.072810866,0.15109564,0.15823506
1469,-0.0825578,-0.112228215,-0.114818625
1470,-0.0788195,0.23108318,0.24158368
1471,-0.14435011,-0.106431164,-0.10471508
1472,-0.20321575,-0.1652436,-0.17317271
1473,-0.10431161,-0.098461725,-0.09622264
1474,-0.16156858,-0.12569076,-0.1307071
1475,-0.08886806,0.045046013,0.04069629
1476,-0.04275852,0.09298724,0.09348982
1477,0.05069987,0.24116428,0.23909806
1478,0.036995143,0.09945594,0.10025875
1479,0.17115828,0.19302405,0.18519513
1480,-0.10936637,-0.22357655,-0.22955257
1481,-0.11663941,-0.019661497,-0.019864801
1482,-0.16054493,0.021713985,0.032721706
1483,0.08023797,0.12528694,0.1252905
1484,-0.092813104,-0.056513485,-0.06447384
1485,-0.16841085,0.20831169,0.20233364
1486,-0.06020829,0.20289904,0.19554962
1487,-0.10496784,0.06991295,0.06295039
1488,-0.12554227,0.025314275,0.028617576
1489,-0.10528024,-0.120093845,-0.12841046
1490,0.017260768,0.29639724,0.2960474
1491,0.056330923,0.23774737,0.23462549
1492,-0.09135153,0.04847509,0.041459754
1493,-0.15432522,0.05016842,0.04899084
1494,-0.12766834,0.1007552,0.102673516
1495,0.022524085,0.018687408,0.021224143
1496,-0.26712596,-0.23118743,-0.23482573
1497,-0.19301762,-0.1061295,-0.114721134
1498,-0.106144175,0.037854753,0.041519623
1499,-0.03544194,-0.053333595,-0.049984362
1500,-0.062556036,0.06467292,0.058225673
1501,-0.16484614,-0.0569085,-0.062328152
1502,-0.15415584,-0.04673365,-0.04752637
1503,-0.07579355,-0.13999712,-0.136617
1504,-0.027857987,0.24434017,0.24250858
1505,-0.065551005,0.15473294,0.16180201
1506,-0.059528023,-0.12129123,-0.12304537
1507,-0.1359397,-0.21035635,-0.22067276
1508,-0.0773398,0.11667461,0.097740695
1509,-0.23426254,-0.26882127,-0.27516118
1510,-0.007577241,-0.059768543,-0.06356546
1511,-0.0384717,0.23016842,0.23590766
1512,-0.09528893,-0.29675478,-0.29554555
1513,-0.29259655,-0.20759234,-0.20804264
1514,-0.21076117,-0.11634894,-0.117493115
1515,-0.181483,-0.16137585,-0.16379476
1516,-0.15147652,-0.1524188,-0.15854596
1517,-0.0035717783,-0.094569914,-0.10344314
1518,-0.13357322,0.1968974,0.1867349
1519,-0.27873725,-0.38153246,-0.37707257
1520,-0.1348381,-0.2064395,-0.21406618
1521,-0.12485701,-0.11985568,-0.12534545
1522,-0.26829138,0.2622158,0.26448557
1523,-0.024722146,0.025108462,0.02317745
1524,-0.19398943,-0.16279952,-0.17049567
1525,-0.070615314,0.13627367,0.1383037
1526,-0.057946634,-0.15792842,-0.15922883
1527,-0.09045642,-0.008239465,0.011459325
1528,-0.11845324,-0.1231703,-0.114306785
1529,-0.18464519,-0.25322172,-0.2614329
1530,-0.17490834,-0.10380011,-0.10516946
1531,-0.20559745,0.24230123,0.2410876
1532,0.18256629,-0.09653325,-0.09922134
1533,-0.12317084,-0.023242434,-0.024916537
1534,-0.047013685,0.100045264,0.09530319
1535,-0.027640054,0.094059005,0.08491408
1536,-0.11095598,-0.1737161,-0.1736062
1537,-0.12363248,0.15720893,0.16603637
1538,0.012569965,-0.011521253,-0.018219877
1539,-0.101570964,0.027630977,0.009873795
1540,-0.015849957,-0.11572763,-0.12826711
1541,-0.04705014,-0.07253233,-0.075238965
1542,-0.07887746,-0.04965214,-0.045961987
1543,-0.25270236,0.26583123,0.24500287
1544,-0.12049651,-0.08820628,-0.09303021
1545,0.04825139,-0.122523576,-0.12411342
1546,-0.0790535,-0.09676483,-0.102940984
1547,-0.04399157,-0.097187676,-0.10293641
1548,-0.18723626,-0.123706415,-0.12263945
1549,-0.14504652,-0.041674476,-0.050036207
1550,-0.114647776,-0.029955156,-0.030655924
1551,-0.13187993,0.117782004,0.107603125
1552,-0.019498331,0.23446158,0.24104378
1553,-0.1280613,-0.20349273,-0.20705837
1554,-0.0102161635,0.095207594,0.0881718
1555,0.12310014,0.13448462,0.12710822
1556,-0.21048827,-0.057888675,-0.059918974
1557,-0.03924767,0.02018634,0.012369503
1558,-0.061753582,-0.17602773,-0.17092347
1559,-0.23408492,-0.20109323,-0.207233
1560,-0.17534246,0.058884125,0.055883575
1561,-0.07800231,-0.026066117,-0.030203208
1562,-0.29738176,-0.34175894,-0.34055415
1563,-0.132261,-0.14290619,-0.1498403
1564,-0.1312284,0.13587946,0.13304467
1565,0.044649877,-0.01897706,-0.01942625
1566,-0.22039422,0.54123247,0.5446218
1567,-0.26441604,-0.09597697,-0.083642446
1568,-0.13941157,0.083683625,0.08029702
1569,0.03429887,0.07448295,0.06958561
1570,-0.11548675,0.22542775,0.22243986
1571,0.016930996,-0.017306933,-0.024751138
1572,-0.18162483,-0.30331236,-0.29233092
1573,0.06663074,-0.002381054,-0.0072932905
1574,-0.07490739,0.11734212,0.12382051
1575,-0.06353021,0.22825676,0.23277521
1576,-0.18321821,-0.04051147,-0.041973136
1577,-0.131372,0.2852132,0.2873557
1578,-0.2053346,0.047901887,0.0437634
1579,-0.1732014,0.09549536,0.08854167
1580,-0.08796973,-0.17724265,-0.1843988
1581,-0.05189561,-0.083217345,-0.09007965
1582,-0.1898926,-0.1424546,-0.14743789
1583,-0.1976491,0.2934749,0.30444258
1584,-0.19678333,0.27050185,0.27178627
1585,-0.13741595,-0.085099936,-0.092472844
1586,-0.22066191,0.39911747,0.3999018
1587,0.07544811,0.34242803,0.34236753
1588,-0.10713676,0.1459532,0.14771992
1589,0.14985895,0.114488214,0.10763424
1590,-0.10794431,0.033148568,0.034133945
1591,0.11592588,0.010799331,0.0021279254
1592,-0.124824986,0.051202267,0.04470871
1593,-0.3514276,0.54113805,0.5483554
1594,-0.1666827,-0.15551983,-0.163331
1595,-0.03134732,-0.06743474,-0.06651841
1596,-0.06471402,0.03060589,0.021319263
1597,-0.115350276,-0.038008694,-0.03626287
1598,-0.17049429,0.13839066,0.1250461
1599,-0.0802098,-0.10389519,-0.11247755
1600,-0.19421333,-0.062321678,-0.0645463
1601,-0.10043797,-0.11772421,-0.11667759
1602,-0.1736159,0.061982006,0.06793392
1603,-0.039252117,-0.20711483,-0.21156617
1604,-0.0415133,-0.025748229,-0.026431939
1605,0.06711147,0.32774955,0.33689058
1606,0.07279797,0.30172408,0.30226952
1607,-0.06085931,0.38301763,0.41161275
1608,-0.17362674,-0.006853747,-0.0071813366
1609,-0.101065084,-0.025468586,-0.03638829
1610,-0.049233533,-0.12771687,-0.12850307
1611,-0.18403511,-0.14618996,-0.13623525
1612,-0.17735536,0.13061778,0.12533817
1613,-0.069864094,0.04329696,0.03644921
1614,-0.09661611,0.09950375,0.11229246
1615,-0.11787798,-0.0026847972,-0.006111127
1616,-0.12266128,0.14707437,0.14575091
1617,-0.09643872,0.093242094,0.092636794
1618,-0.19650465,-0.15597719,-0.16056103
1619,0.010878096,0.09040733,0.09550967
1620,0.079422235,0.0045317304,0.0034437787
1621,-0.023549162,0.077644855,0.0789355
1622,-0.07357762,0.15083265,0.14333025
1623,-0.18207563,-0.022330806,-0.030649494
1624,0.045123506,-0.092765585,-0.08432056
1625,-0.108429655,-0.0053312588,0.00039105862
1626,-0.18698882,0.032030754,0.029871222
1627,-0.055004634,-0.033689857,-0.020649986
1628,0.15551919,-0.0867265,-0.09718
1629,-0.011804565,0.048666444,0.044564586
1630,-0.013172267,0.18828101,0.193642
1631,-0.14953734,-0.14622954,-0.15180092
1632,-0.035918176,0.20292422,0.21511157
1633,-0.028278029,-0.11657831,-0.12057571
1634,-0.23151882,0.10954957,0.12189669
1635,-0.1319793,-0.034034267,-0.036988877
1636,0.0025732089,0.056824714,0.060506083
1637,-0.3100066,-0.066631615,-0.075104125
1638,-0.0076920697,0.17714827,0.1732076
1639,-0.11937255,0.16621399,0.15731426
1640,-0.06825901,0.053730067,0.051207088
1641,-0.11033817,0.24205253,0.240729
1642,-0.106639415,-0.17175102,-0.17727783
1643,-0.23091483,-0.13186128,-0.13272819
1644,0.05988486,-0.088808164,-0.09881923
1645,-0.19998504,0.05970158,0.061276603
1646,-0.1650505,0.18118957,0.18378657
1647,-0.21734077,0.11786491,0.113948196
1648,-0.27594897,0.42726165,0.42358977
1649,-0.01620101,0.0148332715,0.0067908
1650,0.027944038,0.18451908,0.18178667
1651,-0.12304434,0.39139724,0.3927813
1652,-0.1749307,-0.0086260475,-0.009236403
1653,-0.16958378,0.1287416,0.12139822
1654,-0.19349091,0.07598083,0.07136814
1655,-0.2955312,-0.07692783,-0.08203173
1656,-0.045662425,0.1824586,0.18192771
1657,-0.059857037,0.05479491,0.055426434
1658,-0.026990116,-0.07031231,-0.07179495
1659,-0.10356005,-0.15428305,-0.15875916
1660,-0.20078029,-0.11176054,-0.12145731
1661,-0.048891667,0.19617796,0.18830101
1662,-0.2498968,-0.15663412,-0.15962633
1663,-0.050037894,-0.04584104,-0.048095558
1664,-0.17262192,-0.038733955,-0.042663716
1665,-0.19596827,-0.13509881,-0.14456557
1666,-0.10693347,-0.11740785,-0.124407105
1667,-0.08793163,0.11441027,0.10564785
1668,-0.10943839,0.0072761755,0.008283922
1669,0.034280237,-0.25371394,-0.25985786
1670,-0.06905012,-0.03035725,-0.026433785
1671,-0.12622598,-0.22532809,-0.23058839
1672,0.004295658,-0.06839615,-0.049145095
1673,-0.098339,0.120847434,0.11494971
1674,-0.023137791,0.18299054,0.18527158
1675,-0.27292803,0.25048915,0.25036806
1676,-0.08556149,0.15567027,0.15463686
1677,-0.048405875,0.3152564,0.31498942
1678,0.004702593,0.078480646,0.07840495
1679,-0.09446259,0.2702304,0.27524823
1680,-0.24759166,-0.23205288,-0.23250398
1681,-0.11548566,-0.14162213,-0.14922108
1682,-0.20379086,0.19007431,0.19187024
1683,-0.20449518,-0.06313494,-0.071650974
1684,-0.083665945,-0.16513708,-0.1691229
1685,-0.25633988,-0.30870736,-0.31848067
1686,-0.07807196,-0.021942396,-0.024300203
1687,0.046666972,0.05355363,0.052830465
1688,-0.0369401,0.20040238,0.2161127
1689,-0.12083171,0.10653357,0.1284324
1690,-0.094785795,0.1296494,0.12726079
1691,0.0020965084,0.048881102,0.03735386
1692,-0.108963266,0.13179453,0.13185813
1693,-0.21885768,0.12006197,0.114096515
1694,-0.08642799,0.17702559,0.1737193
1695,0.16963884,0.29287744,0.293964
1696,-0.03146904,-0.15482032,-0.16408892
1697,0.019737437,-0.13711599,-0.13683143
1698,-0.07663697,-0.1791315,-0.1852005
1699,-0.12042578,-0.14383201,-0.1438361
1700,-0.065474875,0.046241324,0.041348785
1701,-0.15040527,0.12010976,0.11688668
1702,-0.14578043,0.11628904,0.118625075
1703,-0.19264878,-0.14978558,-0.15044422
1704,-0.13562761,0.071619414,0.06550705
1705,-0.096230835,0.11897968,0.11243775
1706,-0.02648832,0.19338673,0.19695349
1707,-0.14381385,-0.15280104,-0.1616194
1708,-0.14008908,-0.10916615,-0.12031661
1709,-0.10774417,0.27518532,0.27920705
1710,-0.10247965,-0.040280394,-0.03231877
1711,-0.09463571,0.14354168,0.14578998
1712,-0.14823191,0.13173918,0.13747989
1713,0.019355778,0.009427011,0.016898852
1714,-0.15683417,-0.08799533,-0.09058351
1715,-0.090863526,-0.070517935,-0.07449484
1716,0.0869103,0.038174696,0.03204637
1717,0.15902288,0.0002984833,-0.010901535
1718,0.069093935,-0.022058338,-0.021339018
1719,-0.12715995,0.099620305,0.0966455
1720,-0.048338156,0.076807156,0.06558093
1721,-0.18388943,-0.07249695,-0.06679207
1722,-0.22517118,-0.15966974,-0.15955243
1723,0.0177517,-0.13253744,-0.14273141
1724,-0.10547218,-0.054451704,-0.052888773
1725,-0.19004215,-0.17872532,-0.17919102
1726,-0.0960807,0.08339341,0.082655124
1727,-0.12386814,0.17943999,0.17688411
1728,-0.1793078,-0.15098748,-0.15783054
1729,-0.15908289,0.09569989,0.096127875
1730,-0.055203557,-0.01618187,-0.028828626
1731,-0.064085595,-0.030422809,-0.034049157
1732,0.007289124,-0.06454094,-0.06791021
1733,-0.19516607,-0.06050553,-0.06597286
1734,-0.3439629,0.34681496,0.3475356
1735,-0.23560892,-0.25727695,-0.25935057
1736,-0.033549197,-0.04242088,-0.045126785
1737,0.009413798,-0.104499616,-0.10865198
1738,-0.24263373,-0.0977624,-0.09632726
1739,-0.1883208,-0.10237571,-0.10686245
1740,-0.19549753,-0.035998125,-0.045921974
1741,-0.15282305,-0.09880529,-0.108582295
1742,-0.11124533,-0.16442688,-0.16852337
1743,-0.22325273,0.33338997,0.32458568
1744,-0.14832862,-0.072079785,-0.07340092
1745,-0.042135123,0.021808168,0.016825292
1746,-0.02102855,-0.12316652,-0.12702204
1747,-0.107934356,-0.109169215,-0.10601481
1748,-0.06309161,-0.0991118,-0.10955063
1749,0.03427002,0.04893417,0.05042353
1750,0.043301072,0.3239795,0.32479635
1751,-0.09292811,0.21518533,0.21385063
1752,-0.15272424,0.067400664,0.06851889
1753,-0.1250209,-0.044141475,-0.047938373
1754,-0.03268378,-0.067878954,-0.07513772
1755,-0.2481437,-0.22333924,-0.23031878
1756,-0.13705586,-0.22306256,-0.23296684
1757,-0.20868355,-0.15671065,-0.15650043
1758,-0.2538913,0.32986915,0.3402553
1759,-0.17452313,-0.04769279,-0.054426953
1760,-0.10977799,-0.23662654,-0.24420232
1761,-0.17706007,-0.15334786,-0.15121262
1762,-0.061726347,0.04119688,0.036505472
1763,-0.13985993,0.13746314,0.1337557
1764,-0.16246949,0.117622465,0.1224518
1765,-0.06013848,-0.19263698,-0.19569017
1766,-0.20287558,-0.12967664,-0.13219978
1767,-0.114604786,-0.12090889,-0.117661715
1768,-0.14380097,0.015085901,0.0041726287
1769,-0.08365457,0.029302608,0.018917726
1770,-0.02985382,-0.025405364,-0.024458969
1771,-0.2715631,-0.28035775,-0.28158936
1772,-0.1292865,-0.19726992,-0.20353693
1773,-0.110364184,-0.22499539,-0.22943628
1774,-0.08530319,0.18959402,0.18871042
1775,-0.10894265,-0.13938141,-0.15041603
1776,-0.12765367,0.20894334,0.21817918
1777,-0.12162291,0.052703604,0.058303766
1778,-0.2669571,-0.003136213,-0.0056442297
1779,-0.09801275,-0.12209064,-0.12482949
1780,-0.1219235,0.21364012,0.2173129
1781,-0.13469315,-0.2010188,-0.20407344
1782,-0.2939551,0.4390736,0.44587034
1783,-0.16179404,0.23862302,0.24427739
1784,-0.047279663,-0.07901584,-0.08127353
1785,-0.16820158,-0.04440395,-0.051485088
1786,-0.041140977,0.11133184,0.11665119
1787,-0.113469794,0.38237762,0.3888543
1788,0.021228647,-0.08934526,-0.097129315
1789,-0.36745647,0.42703536,0.42495292
1790,-0.045295063,0.15345837,0.15549818
1791,-0.033742793,-0.044771068,-0.05446989
1792,-0.25007746,0.32461828,0.3197122
1793,-0.049523864,0.018681115,0.00477481
1794,0.046279643,-0.047315832,-0.028771358
1795,0.11804877,-0.17288707,-0.17517452
1796,0.028681211,0.042981233,0.046370916
1797,-0.05140312,0.13432546,0.12661144
1798,-0.3447189,0.013497625,0.02306721
1799,-0.045088448,0.14537282,0.14644474
1800,-0.032085653,0.3326175,0.3484951
1801,-0.15537065,0.33867744,0.34948623
1802,-0.05667046,0.16190588,0.16413923
1803,0.025846066,0.20687053,0.21643709
1804,-0.26927164,0.48497063,0.48426482
1805,-0.1155131,-0.030650774,-0.046845194
1806,-0.33873516,0.4954232,0.48938096
1807,-0.09810366,0.23378986,0.24082522
1808,-0.29117763,0.32585722,0.3194838
1809,0.01102201,-0.053201843,-0.057491872
1810,-0.029493649,0.10854476,0.104204826
1811,-0.09120807,0.31946906,0.3266932
1812,0.02961987,0.14802605,0.14470619
1813,0.14554042,0.550233,0.5494557
1814,-0.2191632,0.29531384,0.28022957
1815,0.0007255672,0.102447264,0.09816117
1816,-0.1261045,0.34902906,0.35171792
1817,-0.079161294,0.31028265,0.32071134
1818,-0.1337035,0.0800395,0.071955636
1819,0.08772861,0.11071213,0.12592733
1820,-0.14102055,0.21976097,0.22385769
1821,-0.05919446,0.0800019,0.07205543
1822,-0.1225173,0.199136,0.19959147
1823,-0.15831973,0.08200525,0.06514369
1824,-0.08161246,-0.12086576,-0.12705335
1825,-0.07790764,0.15942712,0.14789723
1826,-0.17509775,0.050935064,0.050446782
1827,-0.1397719,-0.06570721,-0.07802806
1828,0.04882601,0.1753112,0.16836043
1829,-0.10725022,0.29982778,0.30683142
1830,-0.028261382,0.112420544,0.111168705
1831,-0.11387102,0.06374966,0.06601054
1832,-0.14976667,-0.15378788,-0.16011442
1833,-0.21817042,0.3057407,0.305151
1834,-0.336163,0.35976776,0.36161998
1835,-0.18237934,0.36774138,0.37630656
1836,-0.08544377,0.015352585,0.014319667
1837,-0.15604484,-0.036660515,-0.046619773
1838,-0.16665539,0.01774145,0.007558809
1839,-0.14257151,-0.079498746,-0.07913497
1840,-0.037994083,-0.13387136,-0.13701974
1841,-0.09472271,0.11418009,0.11666114
1842,-0.1543167,-0.017537199,-0.022627229
1843,-0.14111918,-0.14431426,-0.15072854
1844,-0.16467635,-0.068268515,-0.074062005
1845,-0.21154264,-0.19376579,-0.20133853
1846,-0.15991111,0.089642935,0.09111735
1847,-0.16951697,0.035060536,0.03113038
1848,-0.41246864,0.50878525,0.51356786
1849,-0.009124979,0.13371833,0.1303885
1850,-0.13232116,0.12958018,0.12798488
1851,-0.28826484,0.33132327,0.32645068
1852,-0.04250692,-0.0036811756,-0.012115263
1853,-0.109750144,-0.01661773,-0.018887332
1854,-0.101826936,-0.11056958,-0.11304703
1855,-0.13845243,0.07220767,0.069438145
1856,-0.006873604,-0.017237581,-0.012261165
1857,-0.22254884,-0.07625761,-0.07903705
1858,-0.059866372,0.044235468,0.04152781
1859,-0.14623421,-0.029699888,-0.025582915
1860,-0.14214455,-0.072735794,-0.069231175
1861,-0.10254486,0.14695367,0.15774065
1862,-0.19202347,-0.22929409,-0.23982446
1863,-0.1484795,0.055841006,0.053574536
1864,-0.101191856,0.061974518,0.068889506
1865,-0.08976902,0.056219913,0.056011748
1866,-0.040009093,0.22787225,0.22844855
1867,0.14408654,0.22098841,0.22498561
1868,-0.12643774,0.24631375,0.25456557
1869,-0.0015601428,0.12089109,0.13711104
1870,-0.08393791,0.066829376,0.06622278
1871,-0.11410606,-0.081104726,-0.08544315
1872,-0.27349707,-0.0558799,-0.047637053
1873,-0.24633993,-0.10453327,-0.1126657
1874,-0.11008196,0.3135693,0.307084
1875,0.02794907,0.20574282,0.20829348
1876,-0.067248724,0.2917012,0.284206
1877,-0.14910586,0.036153592,0.03727439
1878,-0.022176053,0.020119239,0.014646347
1879,-0.14927903,-0.017272634,-0.023466252
1880,-0.12173736,-0.15944923,-0.16600692
1881,-0.09142755,0.011258238,0.014209094
1882,-0.15976748,0.0076871975,0.007529638
1883,-0.14739834,-0.1691934,-0.18495493
1884,-0.09040484,0.19145168,0.19511104
1885,-0.2352518,-0.19230737,-0.19978587
1886,-0.17026371,-0.16874096,-0.17782642
1887,-0.110935956,-0.13964069,-0.15315773
1888,-0.16294888,-0.18848561,-0.1831311
1889,-0.18597935,-0.031468205,-0.03541772
1890,-0.059661422,-0.0672361,-0.06523371
1891,-0.22404687,-0.1722626,-0.17298587
1892,-0.20944034,-0.019321382,-0.02312561
1893,0.014053128,-0.07181306,-0.08054464
1894,-0.14900702,-0.015468017,-0.019011235
1895,-0.11873958,0.28705865,0.28745687
1896,-0.12389654,-0.098699935,-0.10492131
1897,-0.2844294,-0.1362373,-0.13506933
1898,-0.027800566,0.034702733,0.032331683
1899,-0.03602623,0.13655587,0.14633788
1900,-0.17549811,0.23841599,0.23886383
1901,-0.2312011,0.29764587,0.30869716
1902,-0.12927751,0.16666216,0.16541648
1903,-0.08898834,0.22299948,0.22095795
1904,-0.11500008,0.15260804,0.14312303
1905,-0.012067693,0.0049781725,0.0018467789
1906,-0.068110794,0.14381374,0.14381048
1907,-0.07281715,0.09403964,0.09121424
1908,0.019845182,0.0386098,0.031523157
1909,-0.1461654,-0.1655068,-0.16972452
1910,-0.12941134,-0.02658302,-0.032536007
1911,-0.00014023483,0.021052845,0.02099232
1912,-0.25066173,-0.024835614,-0.032123365
1913,-0.07336753,0.022148151,0.018722368
1914,-0.04435736,0.0004023146,0.001880841
1915,-0.12571876,0.044901013,0.038919
1916,-0.007299342,0.01794346,0.0077092126
1917,-0.13022338,0.01968274,0.021717556
1918,0.018718679,0.10595595,0.09921731
1919,-0.11749605,0.25909963,0.25825182
1920,-0.17710623,0.3399594,0.33850715
1921,0.0336545,-0.04059733,-0.052814014
1922,-0.044782937,0.122023635,0.10662451
1923,-0.21588404,0.031848133,0.033814535
1924,-0.08576854,-0.1052977,-0.10386295
1925,-0.05301709,0.14209759,0.16027115
1926,-0.071051665,0.22899137,0.23023635
1927,-0.11265785,0.17085825,0.15152839
1928,-0.08420449,0.14809783,0.1398506
1929,-0.20750721,-0.03206566,-0.037105557
1930,0.033938065,-0.043986477,-0.053313248
1931,-0.11068577,0.081722446,0.079485014
1932,-0.18642576,-0.13352552,-0.14490728
1933,-0.19037257,0.11860048,0.11613023
1934,-0.10534952,-0.17539123,-0.16613603
1935,-0.032875273,0.28063285,0.27867243
1936,-0.16861407,-0.08490552,-0.08683253
1937,-0.07913142,0.056947783,0.053048022
1938,-0.14991254,-0.14448807,-0.15068574
1939,-0.32787186,0.4707812,0.47758043
1940,-0.14786322,0.17897873,0.17824988
1941,-0.0144186495,-0.036505762,-0.029245418
1942,-0.075957365,0.06496458,0.06438471
1943,-0.16837776,0.122510776,0.124219604
1944,-0.1823027,0.41094887,0.4104579
1945,-0.098670356,0.13754006,0.13547005
1946,-0.038568757,0.026967747,0.02700813
1947,-0.03167303,0.27451813,0.26779714
1948,-0.051126227,-0.066020235,-0.05740347
1949,-0.26657936,-0.12025872,-0.11472381
1950,-0.087163225,0.079108484,0.083098516
1951,-0.123869605,0.064836346,0.073109284
1952,-0.052600123,0.0985923,0.094702676
1953,-0.13004042,0.151895,0.1588531
1954,0.051792067,0.11226898,0.100021645
1955,-0.07553651,-0.13191108,-0.13401875
1956,-0.052470688,-0.025045162,-0.027647654
1957,0.035751067,0.12751904,0.13160829
1958,-0.08950023,0.1956926,0.1996614
1959,-0.10052423,-0.14523152,-0.15220743
1960,-0.13461606,0.069628164,0.06294601
1961,-0.01853747,-0.0020600713,-0.0024299964
1962,-0.17238286,0.021699985,0.006482084
1963,-0.19658062,-0.16116752,-0.15811752
1964,-0.17808485,-0.10720863,-0.11575542
1965,-0.26225734,-0.3192095,-0.3242719
1966,-0.31600666,-0.20398371,-0.21138933
1967,-0.25104338,0.28337827,0.27081054
1968,-0.189001,0.46230686,0.46345827
1969,-0.13662753,0.15014885,0.15250456
1970,-0.122232564,0.20905352,0.21450733
1971,-0.15198264,0.06402697,0.061010793
1972,-0.11369445,0.2497006,0.25331983
1973,-0.101839095,-0.17971098,-0.18249983
1974,-0.056908812,-0.11767491,-0.12546763
1975,-0.29758805,0.30134383,0.29112816
1976,-0.093569875,-0.062020008,-0.057979617
1977,-0.08746796,0.198419,0.20737909
1978,-0.032135446,0.18502566,0.1854711
1979,-0.5079517,0.45067605,0.44237792
1980,-0.016762944,-0.1031232,-0.11338631
1981,-0.13075952,0.21897684,0.22017315
1982,-0.17928107,0.07859364,0.082809746
1983,0.029139306,0.13021603,0.123492844
1984,-0.06784516,0.00034086406,6.286241e-05
1985,-0.058120668,-0.11129118,-0.11559887
1986,-0.024500174,-0.14787635,-0.1546197
1987,-0.15710598,0.045462884,0.038427427
1988,-0.12700874,-0.17409189,-0.17945985
1989,-0.072047174,0.2562969,0.26823986
1990,0.07800073,-0.13099791,-0.14207886
1991,-0.10727052,-0.16849773,-0.18129894
